orderNumber,categoryItemCode,quantity,netPrice,vat,grossPrice
ORD-1000,CONS-IT-STRAT,7.00,84000.00,16800.00,100800.00
ORD-1000,CONS-CLOUD-READY,10.00,40000.00,8000.00,48000.00
ORD-1000,CONS-DIGI-ROAD,7.00,63000.00,12600.00,75600.00
ORD-1000,CONS-SEC-RISK,7.00,52500.00,10500.00,63000.00
ORD-1000,SRV-CRM-IMP,11.00,165000.00,33000.00,198000.00
ORD-1000,SRV-AUDIT-BP,9.00,45000.00,9000.00,54000.00
ORD-1000,SRV-MIG-DATA,9.00,72000.00,14400.00,86400.00
ORD-1000,SRV-API-INT,6.00,36000.00,7200.00,43200.00
ORD-1000,SUPP-247-PREM,4.00,10000.00,2000.00,12000.00
ORD-1000,SUPP-STD-YR,7.00,7000.00,1400.00,8400.00
ORD-1000,SUPP-ONSITE-EM,6.00,3000.00,600.00,3600.00
ORD-1000,SUPP-WAR-EXT,8.00,2400.00,480.00,2880.00
ORD-1000,CLOUD-STR-10,12.00,1800.00,360.00,2160.00
ORD-1001,CONS-IT-STRAT,6.00,72000.00,14400.00,86400.00
ORD-1001,CONS-CLOUD-READY,9.00,36000.00,7200.00,43200.00
ORD-1001,CONS-DIGI-ROAD,5.00,45000.00,9000.00,54000.00
ORD-1002,CONS-IT-STRAT,3.00,36000.00,7200.00,43200.00
ORD-1002,CONS-CLOUD-READY,4.00,16000.00,3200.00,19200.00
ORD-1002,CONS-DIGI-ROAD,7.00,63000.00,12600.00,75600.00
ORD-1002,CONS-SEC-RISK,8.00,60000.00,12000.00,72000.00
ORD-1002,SRV-CRM-IMP,3.00,45000.00,9000.00,54000.00
ORD-1002,SRV-AUDIT-BP,7.00,35000.00,7000.00,42000.00
ORD-1002,SRV-MIG-DATA,10.00,80000.00,16000.00,96000.00
ORD-1002,SRV-API-INT,7.00,42000.00,8400.00,50400.00
ORD-1002,SUPP-247-PREM,10.00,25000.00,5000.00,30000.00
ORD-1002,SUPP-STD-YR,6.00,6000.00,1200.00,7200.00
ORD-1002,SUPP-ONSITE-EM,10.00,5000.00,1000.00,6000.00
ORD-1002,SUPP-WAR-EXT,10.00,3000.00,600.00,3600.00
ORD-1003,CONS-IT-STRAT,10.00,120000.00,24000.00,144000.00
ORD-1003,CONS-CLOUD-READY,8.00,32000.00,6400.00,38400.00
ORD-1003,CONS-DIGI-ROAD,8.00,72000.00,14400.00,86400.00
ORD-1003,CONS-SEC-RISK,5.00,37500.00,7500.00,45000.00
ORD-1004,CONS-IT-STRAT,5.00,60000.00,12000.00,72000.00
ORD-1004,CONS-CLOUD-READY,8.00,32000.00,6400.00,38400.00
ORD-1004,CONS-DIGI-ROAD,10.00,90000.00,18000.00,108000.00
ORD-1004,CONS-SEC-RISK,11.00,82500.00,16500.00,99000.00
ORD-1004,SRV-CRM-IMP,6.00,90000.00,18000.00,108000.00
ORD-1004,SRV-AUDIT-BP,8.00,40000.00,8000.00,48000.00
ORD-1004,SRV-MIG-DATA,2.00,16000.00,3200.00,19200.00
ORD-1005,CONS-IT-STRAT,5.00,60000.00,12000.00,72000.00
ORD-1005,CONS-CLOUD-READY,7.00,28000.00,5600.00,33600.00
ORD-1005,CONS-DIGI-ROAD,11.00,99000.00,19800.00,118800.00
ORD-1005,CONS-SEC-RISK,4.00,30000.00,6000.00,36000.00
ORD-1005,SRV-CRM-IMP,9.00,135000.00,27000.00,162000.00
ORD-1005,SRV-AUDIT-BP,5.00,25000.00,5000.00,30000.00
ORD-1005,SRV-MIG-DATA,4.00,32000.00,6400.00,38400.00
ORD-1005,SRV-API-INT,9.00,54000.00,10800.00,64800.00
ORD-1005,SUPP-247-PREM,10.00,25000.00,5000.00,30000.00
ORD-1005,SUPP-STD-YR,10.00,10000.00,2000.00,12000.00
ORD-1005,SUPP-ONSITE-EM,8.00,4000.00,800.00,4800.00
ORD-1005,SUPP-WAR-EXT,4.00,1200.00,240.00,1440.00
ORD-1005,CLOUD-STR-10,7.00,1050.00,210.00,1260.00
ORD-1006,CONS-IT-STRAT,10.00,120000.00,24000.00,144000.00
ORD-1006,CONS-CLOUD-READY,7.00,28000.00,5600.00,33600.00
ORD-1006,CONS-DIGI-ROAD,9.00,81000.00,16200.00,97200.00
ORD-1006,CONS-SEC-RISK,5.00,37500.00,7500.00,45000.00
ORD-1006,SRV-CRM-IMP,5.00,75000.00,15000.00,90000.00
ORD-1006,SRV-AUDIT-BP,11.00,55000.00,11000.00,66000.00
ORD-1006,SRV-MIG-DATA,6.00,48000.00,9600.00,57600.00
ORD-1007,CONS-IT-STRAT,3.00,36000.00,7200.00,43200.00
ORD-1007,CONS-CLOUD-READY,9.00,36000.00,7200.00,43200.00
ORD-1007,CONS-DIGI-ROAD,6.00,54000.00,10800.00,64800.00
ORD-1007,CONS-SEC-RISK,3.00,22500.00,4500.00,27000.00
ORD-1007,SRV-CRM-IMP,5.00,75000.00,15000.00,90000.00
ORD-1007,SRV-AUDIT-BP,5.00,25000.00,5000.00,30000.00
ORD-1007,SRV-MIG-DATA,9.00,72000.00,14400.00,86400.00
ORD-1007,SRV-API-INT,9.00,54000.00,10800.00,64800.00
ORD-1007,SUPP-247-PREM,10.00,25000.00,5000.00,30000.00
ORD-1008,CONS-IT-STRAT,6.00,72000.00,14400.00,86400.00
ORD-1008,CONS-CLOUD-READY,8.00,32000.00,6400.00,38400.00
ORD-1008,CONS-DIGI-ROAD,3.00,27000.00,5400.00,32400.00
ORD-1008,CONS-SEC-RISK,5.00,37500.00,7500.00,45000.00
ORD-1008,SRV-CRM-IMP,7.00,105000.00,21000.00,126000.00
ORD-1008,SRV-AUDIT-BP,4.00,20000.00,4000.00,24000.00
ORD-1008,SRV-MIG-DATA,10.00,80000.00,16000.00,96000.00
ORD-1008,SRV-API-INT,2.00,12000.00,2400.00,14400.00
ORD-1008,SUPP-247-PREM,2.00,5000.00,1000.00,6000.00
ORD-1008,SUPP-STD-YR,6.00,6000.00,1200.00,7200.00
ORD-1008,SUPP-ONSITE-EM,3.00,1500.00,300.00,1800.00
ORD-1009,CONS-IT-STRAT,2.00,24000.00,4800.00,28800.00
ORD-1009,CONS-CLOUD-READY,4.00,16000.00,3200.00,19200.00
ORD-1009,CONS-DIGI-ROAD,5.00,45000.00,9000.00,54000.00
ORD-1009,CONS-SEC-RISK,8.00,60000.00,12000.00,72000.00
ORD-1009,SRV-CRM-IMP,5.00,75000.00,15000.00,90000.00
ORD-1009,SRV-AUDIT-BP,7.00,35000.00,7000.00,42000.00
ORD-1009,SRV-MIG-DATA,9.00,72000.00,14400.00,86400.00
ORD-1009,SRV-API-INT,3.00,18000.00,3600.00,21600.00
ORD-1009,SUPP-247-PREM,7.00,17500.00,3500.00,21000.00
ORD-1009,SUPP-STD-YR,7.00,7000.00,1400.00,8400.00
ORD-1009,SUPP-ONSITE-EM,7.00,3500.00,700.00,4200.00
ORD-1009,SUPP-WAR-EXT,5.00,1500.00,300.00,1800.00
ORD-1010,CONS-IT-STRAT,5.00,60000.00,12000.00,72000.00
ORD-1010,CONS-CLOUD-READY,5.00,20000.00,4000.00,24000.00
ORD-1010,CONS-DIGI-ROAD,8.00,72000.00,14400.00,86400.00
ORD-1010,CONS-SEC-RISK,3.00,22500.00,4500.00,27000.00
ORD-1010,SRV-CRM-IMP,8.00,120000.00,24000.00,144000.00
ORD-1010,SRV-AUDIT-BP,7.00,35000.00,7000.00,42000.00
ORD-1010,SRV-MIG-DATA,10.00,80000.00,16000.00,96000.00
ORD-1010,SRV-API-INT,9.00,54000.00,10800.00,64800.00
ORD-1010,SUPP-247-PREM,7.00,17500.00,3500.00,21000.00
ORD-1011,CONS-IT-STRAT,6.00,72000.00,14400.00,86400.00
ORD-1011,CONS-CLOUD-READY,5.00,20000.00,4000.00,24000.00
ORD-1011,CONS-DIGI-ROAD,9.00,81000.00,16200.00,97200.00
ORD-1011,CONS-SEC-RISK,8.00,60000.00,12000.00,72000.00
ORD-1011,SRV-CRM-IMP,10.00,150000.00,30000.00,180000.00
ORD-1011,SRV-AUDIT-BP,9.00,45000.00,9000.00,54000.00
ORD-1011,SRV-MIG-DATA,5.00,40000.00,8000.00,48000.00
ORD-1011,SRV-API-INT,2.00,12000.00,2400.00,14400.00
ORD-1011,SUPP-247-PREM,11.00,27500.00,5500.00,33000.00
ORD-1011,SUPP-STD-YR,8.00,8000.00,1600.00,9600.00
ORD-1011,SUPP-ONSITE-EM,6.00,3000.00,600.00,3600.00
ORD-1011,SUPP-WAR-EXT,5.00,1500.00,300.00,1800.00
ORD-1011,CLOUD-STR-10,5.00,750.00,150.00,900.00
ORD-1012,CONS-IT-STRAT,6.00,72000.00,14400.00,86400.00
ORD-1012,CONS-CLOUD-READY,7.00,28000.00,5600.00,33600.00
ORD-1012,CONS-DIGI-ROAD,2.00,18000.00,3600.00,21600.00
ORD-1012,CONS-SEC-RISK,3.00,22500.00,4500.00,27000.00
ORD-1012,SRV-CRM-IMP,4.00,60000.00,12000.00,72000.00
ORD-1012,SRV-AUDIT-BP,8.00,40000.00,8000.00,48000.00
ORD-1012,SRV-MIG-DATA,6.00,48000.00,9600.00,57600.00
ORD-1012,SRV-API-INT,12.00,72000.00,14400.00,86400.00
ORD-1012,SUPP-247-PREM,9.00,22500.00,4500.00,27000.00
ORD-1012,SUPP-STD-YR,9.00,9000.00,1800.00,10800.00
ORD-1012,SUPP-ONSITE-EM,7.00,3500.00,700.00,4200.00
ORD-1012,SUPP-WAR-EXT,10.00,3000.00,600.00,3600.00
ORD-1012,CLOUD-STR-10,10.00,1500.00,300.00,1800.00
ORD-1013,CONS-IT-STRAT,10.00,120000.00,24000.00,144000.00
ORD-1013,CONS-CLOUD-READY,5.00,20000.00,4000.00,24000.00
ORD-1013,CONS-DIGI-ROAD,5.00,45000.00,9000.00,54000.00
ORD-1013,CONS-SEC-RISK,8.00,60000.00,12000.00,72000.00
ORD-1013,SRV-CRM-IMP,6.00,90000.00,18000.00,108000.00
ORD-1013,SRV-AUDIT-BP,10.00,50000.00,10000.00,60000.00
ORD-1013,SRV-MIG-DATA,7.00,56000.00,11200.00,67200.00
ORD-1013,SRV-API-INT,6.00,36000.00,7200.00,43200.00
ORD-1013,SUPP-247-PREM,3.00,7500.00,1500.00,9000.00
ORD-1013,SUPP-STD-YR,5.00,5000.00,1000.00,6000.00
ORD-1014,CONS-IT-STRAT,11.00,132000.00,26400.00,158400.00
ORD-1014,CONS-CLOUD-READY,7.00,28000.00,5600.00,33600.00
ORD-1014,CONS-DIGI-ROAD,6.00,54000.00,10800.00,64800.00
ORD-1014,CONS-SEC-RISK,8.00,60000.00,12000.00,72000.00
ORD-1014,SRV-CRM-IMP,4.00,60000.00,12000.00,72000.00
ORD-1014,SRV-AUDIT-BP,3.00,15000.00,3000.00,18000.00
ORD-1014,SRV-MIG-DATA,8.00,64000.00,12800.00,76800.00
ORD-1015,CONS-IT-STRAT,5.00,60000.00,12000.00,72000.00
ORD-1015,CONS-CLOUD-READY,7.00,28000.00,5600.00,33600.00
ORD-1015,CONS-DIGI-ROAD,3.00,27000.00,5400.00,32400.00
ORD-1015,CONS-SEC-RISK,6.00,45000.00,9000.00,54000.00
ORD-1015,SRV-CRM-IMP,7.00,105000.00,21000.00,126000.00
ORD-1015,SRV-AUDIT-BP,8.00,40000.00,8000.00,48000.00
ORD-1015,SRV-MIG-DATA,6.00,48000.00,9600.00,57600.00
ORD-1015,SRV-API-INT,7.00,42000.00,8400.00,50400.00
ORD-1015,SUPP-247-PREM,5.00,12500.00,2500.00,15000.00
ORD-1015,SUPP-STD-YR,7.00,7000.00,1400.00,8400.00
ORD-1015,SUPP-ONSITE-EM,5.00,2500.00,500.00,3000.00
ORD-1016,CONS-IT-STRAT,5.00,60000.00,12000.00,72000.00
ORD-1016,CONS-CLOUD-READY,4.00,16000.00,3200.00,19200.00
ORD-1016,CONS-DIGI-ROAD,10.00,90000.00,18000.00,108000.00
ORD-1016,CONS-SEC-RISK,6.00,45000.00,9000.00,54000.00
ORD-1016,SRV-CRM-IMP,7.00,105000.00,21000.00,126000.00
ORD-1016,SRV-AUDIT-BP,8.00,40000.00,8000.00,48000.00
ORD-1016,SRV-MIG-DATA,5.00,40000.00,8000.00,48000.00
ORD-1016,SRV-API-INT,7.00,42000.00,8400.00,50400.00
ORD-1016,SUPP-247-PREM,11.00,27500.00,5500.00,33000.00
ORD-1016,SUPP-STD-YR,5.00,5000.00,1000.00,6000.00
ORD-1016,SUPP-ONSITE-EM,6.00,3000.00,600.00,3600.00
ORD-1016,SUPP-WAR-EXT,7.00,2100.00,420.00,2520.00
ORD-1016,CLOUD-STR-10,8.00,1200.00,240.00,1440.00
ORD-1017,CONS-IT-STRAT,5.00,60000.00,12000.00,72000.00
ORD-1017,CONS-CLOUD-READY,5.00,20000.00,4000.00,24000.00
ORD-1017,CONS-DIGI-ROAD,7.00,63000.00,12600.00,75600.00
ORD-1018,CONS-IT-STRAT,6.00,72000.00,14400.00,86400.00
ORD-1018,CONS-CLOUD-READY,5.00,20000.00,4000.00,24000.00
ORD-1018,CONS-DIGI-ROAD,5.00,45000.00,9000.00,54000.00
ORD-1018,CONS-SEC-RISK,10.00,75000.00,15000.00,90000.00
ORD-1018,SRV-CRM-IMP,3.00,45000.00,9000.00,54000.00
ORD-1018,SRV-AUDIT-BP,11.00,55000.00,11000.00,66000.00
ORD-1018,SRV-MIG-DATA,4.00,32000.00,6400.00,38400.00
ORD-1018,SRV-API-INT,6.00,36000.00,7200.00,43200.00
ORD-1018,SUPP-247-PREM,9.00,22500.00,4500.00,27000.00
ORD-1018,SUPP-STD-YR,7.00,7000.00,1400.00,8400.00
ORD-1018,SUPP-ONSITE-EM,6.00,3000.00,600.00,3600.00
ORD-1019,CONS-IT-STRAT,6.00,72000.00,14400.00,86400.00
ORD-1019,CONS-CLOUD-READY,8.00,32000.00,6400.00,38400.00
ORD-1019,CONS-DIGI-ROAD,6.00,54000.00,10800.00,64800.00
ORD-1019,CONS-SEC-RISK,11.00,82500.00,16500.00,99000.00
ORD-1019,SRV-CRM-IMP,4.00,60000.00,12000.00,72000.00
ORD-1020,CONS-IT-STRAT,5.00,60000.00,12000.00,72000.00
ORD-1020,CONS-CLOUD-READY,9.00,36000.00,7200.00,43200.00
ORD-1021,CONS-IT-STRAT,8.00,96000.00,19200.00,115200.00
ORD-1021,CONS-CLOUD-READY,3.00,12000.00,2400.00,14400.00
ORD-1021,CONS-DIGI-ROAD,8.00,72000.00,14400.00,86400.00
ORD-1021,CONS-SEC-RISK,3.00,22500.00,4500.00,27000.00
ORD-1021,SRV-CRM-IMP,8.00,120000.00,24000.00,144000.00
ORD-1022,CONS-IT-STRAT,9.00,108000.00,21600.00,129600.00
ORD-1022,CONS-CLOUD-READY,5.00,20000.00,4000.00,24000.00
ORD-1022,CONS-DIGI-ROAD,12.00,108000.00,21600.00,129600.00
ORD-1022,CONS-SEC-RISK,7.00,52500.00,10500.00,63000.00
ORD-1022,SRV-CRM-IMP,7.00,105000.00,21000.00,126000.00
ORD-1022,SRV-AUDIT-BP,8.00,40000.00,8000.00,48000.00
ORD-1022,SRV-MIG-DATA,7.00,56000.00,11200.00,67200.00
ORD-1022,SRV-API-INT,6.00,36000.00,7200.00,43200.00
ORD-1022,SUPP-247-PREM,6.00,15000.00,3000.00,18000.00
ORD-1022,SUPP-STD-YR,3.00,3000.00,600.00,3600.00
ORD-1022,SUPP-ONSITE-EM,6.00,3000.00,600.00,3600.00
ORD-1022,SUPP-WAR-EXT,5.00,1500.00,300.00,1800.00
ORD-1023,CONS-IT-STRAT,6.00,72000.00,14400.00,86400.00
ORD-1023,CONS-CLOUD-READY,5.00,20000.00,4000.00,24000.00
ORD-1023,CONS-DIGI-ROAD,8.00,72000.00,14400.00,86400.00
ORD-1023,CONS-SEC-RISK,6.00,45000.00,9000.00,54000.00
ORD-1023,SRV-CRM-IMP,4.00,60000.00,12000.00,72000.00
ORD-1023,SRV-AUDIT-BP,11.00,55000.00,11000.00,66000.00
ORD-1023,SRV-MIG-DATA,7.00,56000.00,11200.00,67200.00
ORD-1023,SRV-API-INT,2.00,12000.00,2400.00,14400.00
ORD-1023,SUPP-247-PREM,10.00,25000.00,5000.00,30000.00
ORD-1023,SUPP-STD-YR,4.00,4000.00,800.00,4800.00
ORD-1023,SUPP-ONSITE-EM,11.00,5500.00,1100.00,6600.00
ORD-1024,CONS-IT-STRAT,11.00,132000.00,26400.00,158400.00
ORD-1024,CONS-CLOUD-READY,5.00,20000.00,4000.00,24000.00
ORD-1024,CONS-DIGI-ROAD,6.00,54000.00,10800.00,64800.00
ORD-1024,CONS-SEC-RISK,9.00,67500.00,13500.00,81000.00
ORD-1024,SRV-CRM-IMP,8.00,120000.00,24000.00,144000.00
ORD-1024,SRV-AUDIT-BP,6.00,30000.00,6000.00,36000.00
ORD-1024,SRV-MIG-DATA,8.00,64000.00,12800.00,76800.00
ORD-1024,SRV-API-INT,5.00,30000.00,6000.00,36000.00
ORD-1024,SUPP-247-PREM,9.00,22500.00,4500.00,27000.00
ORD-1024,SUPP-STD-YR,4.00,4000.00,800.00,4800.00
ORD-1025,CONS-IT-STRAT,4.00,48000.00,9600.00,57600.00
ORD-1025,CONS-CLOUD-READY,5.00,20000.00,4000.00,24000.00
ORD-1025,CONS-DIGI-ROAD,5.00,45000.00,9000.00,54000.00
ORD-1025,CONS-SEC-RISK,9.00,67500.00,13500.00,81000.00
ORD-1025,SRV-CRM-IMP,7.00,105000.00,21000.00,126000.00
ORD-1025,SRV-AUDIT-BP,4.00,20000.00,4000.00,24000.00
ORD-1025,SRV-MIG-DATA,5.00,40000.00,8000.00,48000.00
ORD-1025,SRV-API-INT,10.00,60000.00,12000.00,72000.00
ORD-1025,SUPP-247-PREM,6.00,15000.00,3000.00,18000.00
ORD-1025,SUPP-STD-YR,7.00,7000.00,1400.00,8400.00
ORD-1026,CONS-IT-STRAT,10.00,120000.00,24000.00,144000.00
ORD-1026,CONS-CLOUD-READY,5.00,20000.00,4000.00,24000.00
ORD-1026,CONS-DIGI-ROAD,5.00,45000.00,9000.00,54000.00
ORD-1026,CONS-SEC-RISK,3.00,22500.00,4500.00,27000.00
ORD-1027,CONS-IT-STRAT,9.00,108000.00,21600.00,129600.00
ORD-1027,CONS-CLOUD-READY,4.00,16000.00,3200.00,19200.00
ORD-1027,CONS-DIGI-ROAD,3.00,27000.00,5400.00,32400.00
ORD-1027,CONS-SEC-RISK,5.00,37500.00,7500.00,45000.00
ORD-1027,SRV-CRM-IMP,10.00,150000.00,30000.00,180000.00
ORD-1027,SRV-AUDIT-BP,5.00,25000.00,5000.00,30000.00
ORD-1027,SRV-MIG-DATA,7.00,56000.00,11200.00,67200.00
ORD-1027,SRV-API-INT,11.00,66000.00,13200.00,79200.00
ORD-1027,SUPP-247-PREM,7.00,17500.00,3500.00,21000.00
ORD-1027,SUPP-STD-YR,4.00,4000.00,800.00,4800.00
ORD-1028,CONS-IT-STRAT,5.00,60000.00,12000.00,72000.00
ORD-1028,CONS-CLOUD-READY,6.00,24000.00,4800.00,28800.00
ORD-1028,CONS-DIGI-ROAD,4.00,36000.00,7200.00,43200.00
ORD-1028,CONS-SEC-RISK,8.00,60000.00,12000.00,72000.00
ORD-1028,SRV-CRM-IMP,5.00,75000.00,15000.00,90000.00
ORD-1028,SRV-AUDIT-BP,6.00,30000.00,6000.00,36000.00
ORD-1028,SRV-MIG-DATA,10.00,80000.00,16000.00,96000.00
ORD-1028,SRV-API-INT,9.00,54000.00,10800.00,64800.00
ORD-1028,SUPP-247-PREM,7.00,17500.00,3500.00,21000.00
ORD-1028,SUPP-STD-YR,9.00,9000.00,1800.00,10800.00
ORD-1028,SUPP-ONSITE-EM,6.00,3000.00,600.00,3600.00
ORD-1028,SUPP-WAR-EXT,2.00,600.00,120.00,720.00
ORD-1028,CLOUD-STR-10,9.00,1350.00,270.00,1620.00
ORD-1029,CONS-IT-STRAT,5.00,60000.00,12000.00,72000.00
ORD-1029,CONS-CLOUD-READY,3.00,12000.00,2400.00,14400.00
ORD-1029,CONS-DIGI-ROAD,7.00,63000.00,12600.00,75600.00
ORD-1029,CONS-SEC-RISK,8.00,60000.00,12000.00,72000.00
ORD-1029,SRV-CRM-IMP,9.00,135000.00,27000.00,162000.00
ORD-1030,CONS-IT-STRAT,7.00,84000.00,16800.00,100800.00
ORD-1030,CONS-CLOUD-READY,9.00,36000.00,7200.00,43200.00
ORD-1030,CONS-DIGI-ROAD,6.00,54000.00,10800.00,64800.00
ORD-1030,CONS-SEC-RISK,9.00,67500.00,13500.00,81000.00
ORD-1030,SRV-CRM-IMP,9.00,135000.00,27000.00,162000.00
ORD-1030,SRV-AUDIT-BP,5.00,25000.00,5000.00,30000.00
ORD-1030,SRV-MIG-DATA,4.00,32000.00,6400.00,38400.00
ORD-1030,SRV-API-INT,9.00,54000.00,10800.00,64800.00
ORD-1030,SUPP-247-PREM,2.00,5000.00,1000.00,6000.00
ORD-1030,SUPP-STD-YR,7.00,7000.00,1400.00,8400.00
ORD-1030,SUPP-ONSITE-EM,9.00,4500.00,900.00,5400.00
ORD-1030,SUPP-WAR-EXT,10.00,3000.00,600.00,3600.00
ORD-1030,CLOUD-STR-10,4.00,600.00,120.00,720.00
ORD-1031,CONS-IT-STRAT,5.00,60000.00,12000.00,72000.00
ORD-1031,CONS-CLOUD-READY,10.00,40000.00,8000.00,48000.00
ORD-1031,CONS-DIGI-ROAD,2.00,18000.00,3600.00,21600.00
ORD-1031,CONS-SEC-RISK,9.00,67500.00,13500.00,81000.00
ORD-1031,SRV-CRM-IMP,11.00,165000.00,33000.00,198000.00
ORD-1031,SRV-AUDIT-BP,6.00,30000.00,6000.00,36000.00
ORD-1031,SRV-MIG-DATA,8.00,64000.00,12800.00,76800.00
ORD-1031,SRV-API-INT,9.00,54000.00,10800.00,64800.00
ORD-1032,CONS-IT-STRAT,5.00,60000.00,12000.00,72000.00
ORD-1032,CONS-CLOUD-READY,3.00,12000.00,2400.00,14400.00
ORD-1032,CONS-DIGI-ROAD,9.00,81000.00,16200.00,97200.00
ORD-1032,CONS-SEC-RISK,6.00,45000.00,9000.00,54000.00
ORD-1032,SRV-CRM-IMP,10.00,150000.00,30000.00,180000.00
ORD-1032,SRV-AUDIT-BP,4.00,20000.00,4000.00,24000.00
ORD-1032,SRV-MIG-DATA,3.00,24000.00,4800.00,28800.00
ORD-1032,SRV-API-INT,10.00,60000.00,12000.00,72000.00
ORD-1033,CONS-IT-STRAT,5.00,60000.00,12000.00,72000.00
ORD-1033,CONS-CLOUD-READY,5.00,20000.00,4000.00,24000.00
ORD-1033,CONS-DIGI-ROAD,10.00,90000.00,18000.00,108000.00
ORD-1033,CONS-SEC-RISK,10.00,75000.00,15000.00,90000.00
ORD-1033,SRV-CRM-IMP,8.00,120000.00,24000.00,144000.00
ORD-1033,SRV-AUDIT-BP,9.00,45000.00,9000.00,54000.00
ORD-1033,SRV-MIG-DATA,6.00,48000.00,9600.00,57600.00
ORD-1034,CONS-IT-STRAT,7.00,84000.00,16800.00,100800.00
ORD-1035,CONS-IT-STRAT,10.00,120000.00,24000.00,144000.00
ORD-1035,CONS-CLOUD-READY,10.00,40000.00,8000.00,48000.00
ORD-1035,CONS-DIGI-ROAD,7.00,63000.00,12600.00,75600.00
ORD-1035,CONS-SEC-RISK,6.00,45000.00,9000.00,54000.00
ORD-1035,SRV-CRM-IMP,6.00,90000.00,18000.00,108000.00
ORD-1035,SRV-AUDIT-BP,8.00,40000.00,8000.00,48000.00
ORD-1035,SRV-MIG-DATA,7.00,56000.00,11200.00,67200.00
ORD-1035,SRV-API-INT,4.00,24000.00,4800.00,28800.00
ORD-1035,SUPP-247-PREM,9.00,22500.00,4500.00,27000.00
ORD-1035,SUPP-STD-YR,8.00,8000.00,1600.00,9600.00
ORD-1036,CONS-IT-STRAT,3.00,36000.00,7200.00,43200.00
ORD-1036,CONS-CLOUD-READY,10.00,40000.00,8000.00,48000.00
ORD-1036,CONS-DIGI-ROAD,12.00,108000.00,21600.00,129600.00
ORD-1036,CONS-SEC-RISK,6.00,45000.00,9000.00,54000.00
ORD-1036,SRV-CRM-IMP,10.00,150000.00,30000.00,180000.00
ORD-1036,SRV-AUDIT-BP,5.00,25000.00,5000.00,30000.00
ORD-1036,SRV-MIG-DATA,10.00,80000.00,16000.00,96000.00
ORD-1036,SRV-API-INT,9.00,54000.00,10800.00,64800.00
ORD-1036,SUPP-247-PREM,8.00,20000.00,4000.00,24000.00
ORD-1037,CONS-IT-STRAT,3.00,36000.00,7200.00,43200.00
ORD-1037,CONS-CLOUD-READY,10.00,40000.00,8000.00,48000.00
ORD-1037,CONS-DIGI-ROAD,5.00,45000.00,9000.00,54000.00
ORD-1038,CONS-IT-STRAT,6.00,72000.00,14400.00,86400.00
ORD-1038,CONS-CLOUD-READY,10.00,40000.00,8000.00,48000.00
ORD-1038,CONS-DIGI-ROAD,2.00,18000.00,3600.00,21600.00
ORD-1038,CONS-SEC-RISK,8.00,60000.00,12000.00,72000.00
ORD-1038,SRV-CRM-IMP,9.00,135000.00,27000.00,162000.00
ORD-1038,SRV-AUDIT-BP,9.00,45000.00,9000.00,54000.00
ORD-1038,SRV-MIG-DATA,5.00,40000.00,8000.00,48000.00
ORD-1038,SRV-API-INT,3.00,18000.00,3600.00,21600.00
ORD-1038,SUPP-247-PREM,6.00,15000.00,3000.00,18000.00
ORD-1038,SUPP-STD-YR,7.00,7000.00,1400.00,8400.00
ORD-1038,SUPP-ONSITE-EM,7.00,3500.00,700.00,4200.00
ORD-1038,SUPP-WAR-EXT,10.00,3000.00,600.00,3600.00
ORD-1038,CLOUD-STR-10,6.00,900.00,180.00,1080.00
ORD-1039,CONS-IT-STRAT,3.00,36000.00,7200.00,43200.00
ORD-1039,CONS-CLOUD-READY,5.00,20000.00,4000.00,24000.00
ORD-1040,CONS-IT-STRAT,9.00,108000.00,21600.00,129600.00
ORD-1040,CONS-CLOUD-READY,9.00,36000.00,7200.00,43200.00
ORD-1040,CONS-DIGI-ROAD,8.00,72000.00,14400.00,86400.00
ORD-1040,CONS-SEC-RISK,7.00,52500.00,10500.00,63000.00
ORD-1040,SRV-CRM-IMP,9.00,135000.00,27000.00,162000.00
ORD-1040,SRV-AUDIT-BP,7.00,35000.00,7000.00,42000.00
ORD-1040,SRV-MIG-DATA,2.00,16000.00,3200.00,19200.00
ORD-1041,CONS-IT-STRAT,7.00,84000.00,16800.00,100800.00
ORD-1041,CONS-CLOUD-READY,6.00,24000.00,4800.00,28800.00
ORD-1041,CONS-DIGI-ROAD,2.00,18000.00,3600.00,21600.00
ORD-1041,CONS-SEC-RISK,10.00,75000.00,15000.00,90000.00
ORD-1041,SRV-CRM-IMP,5.00,75000.00,15000.00,90000.00
ORD-1041,SRV-AUDIT-BP,5.00,25000.00,5000.00,30000.00
ORD-1041,SRV-MIG-DATA,11.00,88000.00,17600.00,105600.00
ORD-1041,SRV-API-INT,5.00,30000.00,6000.00,36000.00
ORD-1041,SUPP-247-PREM,9.00,22500.00,4500.00,27000.00
ORD-1041,SUPP-STD-YR,6.00,6000.00,1200.00,7200.00
ORD-1041,SUPP-ONSITE-EM,3.00,1500.00,300.00,1800.00
ORD-1042,CONS-IT-STRAT,4.00,48000.00,9600.00,57600.00
ORD-1042,CONS-CLOUD-READY,3.00,12000.00,2400.00,14400.00
ORD-1042,CONS-DIGI-ROAD,8.00,72000.00,14400.00,86400.00
ORD-1042,CONS-SEC-RISK,8.00,60000.00,12000.00,72000.00
ORD-1042,SRV-CRM-IMP,8.00,120000.00,24000.00,144000.00
ORD-1042,SRV-AUDIT-BP,8.00,40000.00,8000.00,48000.00
ORD-1042,SRV-MIG-DATA,2.00,16000.00,3200.00,19200.00
ORD-1042,SRV-API-INT,8.00,48000.00,9600.00,57600.00
ORD-1042,SUPP-247-PREM,8.00,20000.00,4000.00,24000.00
ORD-1042,SUPP-STD-YR,6.00,6000.00,1200.00,7200.00
ORD-1042,SUPP-ONSITE-EM,7.00,3500.00,700.00,4200.00
ORD-1042,SUPP-WAR-EXT,5.00,1500.00,300.00,1800.00
ORD-1043,CONS-IT-STRAT,9.00,108000.00,21600.00,129600.00
ORD-1043,CONS-CLOUD-READY,11.00,44000.00,8800.00,52800.00
ORD-1043,CONS-DIGI-ROAD,3.00,27000.00,5400.00,32400.00
ORD-1044,CONS-IT-STRAT,3.00,36000.00,7200.00,43200.00
ORD-1044,CONS-CLOUD-READY,8.00,32000.00,6400.00,38400.00
ORD-1044,CONS-DIGI-ROAD,6.00,54000.00,10800.00,64800.00
ORD-1044,CONS-SEC-RISK,12.00,90000.00,18000.00,108000.00
ORD-1044,SRV-CRM-IMP,4.00,60000.00,12000.00,72000.00
ORD-1044,SRV-AUDIT-BP,3.00,15000.00,3000.00,18000.00
ORD-1044,SRV-MIG-DATA,7.00,56000.00,11200.00,67200.00
ORD-1044,SRV-API-INT,8.00,48000.00,9600.00,57600.00
ORD-1044,SUPP-247-PREM,9.00,22500.00,4500.00,27000.00
ORD-1044,SUPP-STD-YR,10.00,10000.00,2000.00,12000.00
ORD-1045,CONS-IT-STRAT,6.00,72000.00,14400.00,86400.00
ORD-1045,CONS-CLOUD-READY,3.00,12000.00,2400.00,14400.00
ORD-1045,CONS-DIGI-ROAD,8.00,72000.00,14400.00,86400.00
ORD-1045,CONS-SEC-RISK,11.00,82500.00,16500.00,99000.00
ORD-1045,SRV-CRM-IMP,6.00,90000.00,18000.00,108000.00
ORD-1045,SRV-AUDIT-BP,6.00,30000.00,6000.00,36000.00
ORD-1045,SRV-MIG-DATA,9.00,72000.00,14400.00,86400.00
ORD-1045,SRV-API-INT,10.00,60000.00,12000.00,72000.00
ORD-1045,SUPP-247-PREM,6.00,15000.00,3000.00,18000.00
ORD-1045,SUPP-STD-YR,7.00,7000.00,1400.00,8400.00
ORD-1045,SUPP-ONSITE-EM,2.00,1000.00,200.00,1200.00
ORD-1045,SUPP-WAR-EXT,10.00,3000.00,600.00,3600.00
ORD-1045,CLOUD-STR-10,10.00,1500.00,300.00,1800.00
ORD-1046,CONS-IT-STRAT,9.00,108000.00,21600.00,129600.00
ORD-1046,CONS-CLOUD-READY,3.00,12000.00,2400.00,14400.00
ORD-1046,CONS-DIGI-ROAD,6.00,54000.00,10800.00,64800.00
ORD-1046,CONS-SEC-RISK,3.00,22500.00,4500.00,27000.00
ORD-1046,SRV-CRM-IMP,8.00,120000.00,24000.00,144000.00
ORD-1046,SRV-AUDIT-BP,3.00,15000.00,3000.00,18000.00
ORD-1046,SRV-MIG-DATA,9.00,72000.00,14400.00,86400.00
ORD-1046,SRV-API-INT,4.00,24000.00,4800.00,28800.00
ORD-1046,SUPP-247-PREM,2.00,5000.00,1000.00,6000.00
ORD-1046,SUPP-STD-YR,12.00,12000.00,2400.00,14400.00
ORD-1046,SUPP-ONSITE-EM,6.00,3000.00,600.00,3600.00
ORD-1046,SUPP-WAR-EXT,8.00,2400.00,480.00,2880.00
ORD-1046,CLOUD-STR-10,3.00,450.00,90.00,540.00
ORD-1047,CONS-IT-STRAT,12.00,144000.00,28800.00,172800.00
ORD-1047,CONS-CLOUD-READY,2.00,8000.00,1600.00,9600.00
ORD-1047,CONS-DIGI-ROAD,7.00,63000.00,12600.00,75600.00
ORD-1048,CONS-IT-STRAT,6.00,72000.00,14400.00,86400.00
ORD-1048,CONS-CLOUD-READY,6.00,24000.00,4800.00,28800.00
ORD-1048,CONS-DIGI-ROAD,10.00,90000.00,18000.00,108000.00
ORD-1048,CONS-SEC-RISK,4.00,30000.00,6000.00,36000.00
ORD-1048,SRV-CRM-IMP,9.00,135000.00,27000.00,162000.00
ORD-1048,SRV-AUDIT-BP,6.00,30000.00,6000.00,36000.00
ORD-1048,SRV-MIG-DATA,11.00,88000.00,17600.00,105600.00
ORD-1048,SRV-API-INT,8.00,48000.00,9600.00,57600.00
ORD-1048,SUPP-247-PREM,4.00,10000.00,2000.00,12000.00
ORD-1048,SUPP-STD-YR,6.00,6000.00,1200.00,7200.00
ORD-1048,SUPP-ONSITE-EM,6.00,3000.00,600.00,3600.00
ORD-1048,SUPP-WAR-EXT,5.00,1500.00,300.00,1800.00
ORD-1049,CONS-IT-STRAT,4.00,48000.00,9600.00,57600.00
ORD-1049,CONS-CLOUD-READY,8.00,32000.00,6400.00,38400.00
ORD-1049,CONS-DIGI-ROAD,10.00,90000.00,18000.00,108000.00
ORD-1049,CONS-SEC-RISK,4.00,30000.00,6000.00,36000.00
ORD-1049,SRV-CRM-IMP,5.00,75000.00,15000.00,90000.00
ORD-1049,SRV-AUDIT-BP,11.00,55000.00,11000.00,66000.00
ORD-1049,SRV-MIG-DATA,4.00,32000.00,6400.00,38400.00
ORD-1049,SRV-API-INT,12.00,72000.00,14400.00,86400.00
ORD-1049,SUPP-247-PREM,6.00,15000.00,3000.00,18000.00
ORD-1049,SUPP-STD-YR,6.00,6000.00,1200.00,7200.00
ORD-1049,SUPP-ONSITE-EM,9.00,4500.00,900.00,5400.00
ORD-1050,CONS-IT-STRAT,5.00,60000.00,12000.00,72000.00
ORD-1050,CONS-CLOUD-READY,7.00,28000.00,5600.00,33600.00
ORD-1050,CONS-DIGI-ROAD,4.00,36000.00,7200.00,43200.00
ORD-1050,CONS-SEC-RISK,8.00,60000.00,12000.00,72000.00
ORD-1050,SRV-CRM-IMP,4.00,60000.00,12000.00,72000.00
ORD-1050,SRV-AUDIT-BP,4.00,20000.00,4000.00,24000.00
ORD-1050,SRV-MIG-DATA,2.00,16000.00,3200.00,19200.00
ORD-1050,SRV-API-INT,9.00,54000.00,10800.00,64800.00
ORD-1050,SUPP-247-PREM,2.00,5000.00,1000.00,6000.00
ORD-1050,SUPP-STD-YR,6.00,6000.00,1200.00,7200.00
ORD-1050,SUPP-ONSITE-EM,11.00,5500.00,1100.00,6600.00
ORD-1050,SUPP-WAR-EXT,6.00,1800.00,360.00,2160.00
ORD-1050,CLOUD-STR-10,3.00,450.00,90.00,540.00
ORD-1051,CONS-IT-STRAT,7.00,84000.00,16800.00,100800.00
ORD-1051,CONS-CLOUD-READY,5.00,20000.00,4000.00,24000.00
ORD-1051,CONS-DIGI-ROAD,7.00,63000.00,12600.00,75600.00
ORD-1051,CONS-SEC-RISK,7.00,52500.00,10500.00,63000.00
ORD-1051,SRV-CRM-IMP,9.00,135000.00,27000.00,162000.00
ORD-1051,SRV-AUDIT-BP,6.00,30000.00,6000.00,36000.00
ORD-1051,SRV-MIG-DATA,10.00,80000.00,16000.00,96000.00
ORD-1051,SRV-API-INT,10.00,60000.00,12000.00,72000.00
ORD-1051,SUPP-247-PREM,3.00,7500.00,1500.00,9000.00
ORD-1051,SUPP-STD-YR,5.00,5000.00,1000.00,6000.00
ORD-1052,CONS-IT-STRAT,9.00,108000.00,21600.00,129600.00
ORD-1052,CONS-CLOUD-READY,10.00,40000.00,8000.00,48000.00
ORD-1052,CONS-DIGI-ROAD,9.00,81000.00,16200.00,97200.00
ORD-1053,CONS-IT-STRAT,2.00,24000.00,4800.00,28800.00
ORD-1053,CONS-CLOUD-READY,9.00,36000.00,7200.00,43200.00
ORD-1053,CONS-DIGI-ROAD,5.00,45000.00,9000.00,54000.00
ORD-1053,CONS-SEC-RISK,9.00,67500.00,13500.00,81000.00
ORD-1053,SRV-CRM-IMP,5.00,75000.00,15000.00,90000.00
ORD-1053,SRV-AUDIT-BP,7.00,35000.00,7000.00,42000.00
ORD-1053,SRV-MIG-DATA,4.00,32000.00,6400.00,38400.00
ORD-1053,SRV-API-INT,8.00,48000.00,9600.00,57600.00
ORD-1053,SUPP-247-PREM,9.00,22500.00,4500.00,27000.00
ORD-1053,SUPP-STD-YR,3.00,3000.00,600.00,3600.00
ORD-1054,CONS-IT-STRAT,9.00,108000.00,21600.00,129600.00
ORD-1054,CONS-CLOUD-READY,8.00,32000.00,6400.00,38400.00
ORD-1054,CONS-DIGI-ROAD,12.00,108000.00,21600.00,129600.00
ORD-1054,CONS-SEC-RISK,8.00,60000.00,12000.00,72000.00
ORD-1054,SRV-CRM-IMP,7.00,105000.00,21000.00,126000.00
ORD-1054,SRV-AUDIT-BP,5.00,25000.00,5000.00,30000.00
ORD-1054,SRV-MIG-DATA,5.00,40000.00,8000.00,48000.00
ORD-1054,SRV-API-INT,5.00,30000.00,6000.00,36000.00
ORD-1054,SUPP-247-PREM,4.00,10000.00,2000.00,12000.00
ORD-1055,CONS-IT-STRAT,8.00,96000.00,19200.00,115200.00
ORD-1055,CONS-CLOUD-READY,8.00,32000.00,6400.00,38400.00
ORD-1055,CONS-DIGI-ROAD,4.00,36000.00,7200.00,43200.00
ORD-1055,CONS-SEC-RISK,3.00,22500.00,4500.00,27000.00
ORD-1056,CONS-IT-STRAT,4.00,48000.00,9600.00,57600.00
ORD-1056,CONS-CLOUD-READY,6.00,24000.00,4800.00,28800.00
ORD-1056,CONS-DIGI-ROAD,7.00,63000.00,12600.00,75600.00
ORD-1056,CONS-SEC-RISK,7.00,52500.00,10500.00,63000.00
ORD-1056,SRV-CRM-IMP,3.00,45000.00,9000.00,54000.00
ORD-1056,SRV-AUDIT-BP,8.00,40000.00,8000.00,48000.00
ORD-1056,SRV-MIG-DATA,10.00,80000.00,16000.00,96000.00
ORD-1056,SRV-API-INT,5.00,30000.00,6000.00,36000.00
ORD-1056,SUPP-247-PREM,12.00,30000.00,6000.00,36000.00
ORD-1056,SUPP-STD-YR,6.00,6000.00,1200.00,7200.00
ORD-1056,SUPP-ONSITE-EM,5.00,2500.00,500.00,3000.00
ORD-1057,CONS-IT-STRAT,5.00,60000.00,12000.00,72000.00
ORD-1057,CONS-CLOUD-READY,3.00,12000.00,2400.00,14400.00
ORD-1057,CONS-DIGI-ROAD,2.00,18000.00,3600.00,21600.00
ORD-1057,CONS-SEC-RISK,6.00,45000.00,9000.00,54000.00
ORD-1057,SRV-CRM-IMP,8.00,120000.00,24000.00,144000.00
ORD-1057,SRV-AUDIT-BP,9.00,45000.00,9000.00,54000.00
ORD-1057,SRV-MIG-DATA,6.00,48000.00,9600.00,57600.00
ORD-1057,SRV-API-INT,9.00,54000.00,10800.00,64800.00
ORD-1057,SUPP-247-PREM,8.00,20000.00,4000.00,24000.00
ORD-1057,SUPP-STD-YR,8.00,8000.00,1600.00,9600.00
ORD-1057,SUPP-ONSITE-EM,5.00,2500.00,500.00,3000.00
ORD-1057,SUPP-WAR-EXT,8.00,2400.00,480.00,2880.00
ORD-1057,CLOUD-STR-10,5.00,750.00,150.00,900.00
ORD-1058,CONS-IT-STRAT,10.00,120000.00,24000.00,144000.00
ORD-1058,CONS-CLOUD-READY,12.00,48000.00,9600.00,57600.00
ORD-1058,CONS-DIGI-ROAD,4.00,36000.00,7200.00,43200.00
ORD-1058,CONS-SEC-RISK,10.00,75000.00,15000.00,90000.00
ORD-1059,CONS-IT-STRAT,10.00,120000.00,24000.00,144000.00
ORD-1059,CONS-CLOUD-READY,7.00,28000.00,5600.00,33600.00
ORD-1059,CONS-DIGI-ROAD,8.00,72000.00,14400.00,86400.00
ORD-1059,CONS-SEC-RISK,9.00,67500.00,13500.00,81000.00
ORD-1059,SRV-CRM-IMP,6.00,90000.00,18000.00,108000.00
ORD-1059,SRV-AUDIT-BP,4.00,20000.00,4000.00,24000.00
ORD-1059,SRV-MIG-DATA,9.00,72000.00,14400.00,86400.00
ORD-1060,CONS-IT-STRAT,9.00,108000.00,21600.00,129600.00
ORD-1060,CONS-CLOUD-READY,11.00,44000.00,8800.00,52800.00
ORD-1060,CONS-DIGI-ROAD,6.00,54000.00,10800.00,64800.00
ORD-1060,CONS-SEC-RISK,9.00,67500.00,13500.00,81000.00
ORD-1060,SRV-CRM-IMP,7.00,105000.00,21000.00,126000.00
ORD-1060,SRV-AUDIT-BP,8.00,40000.00,8000.00,48000.00
ORD-1060,SRV-MIG-DATA,9.00,72000.00,14400.00,86400.00
ORD-1060,SRV-API-INT,5.00,30000.00,6000.00,36000.00
ORD-1060,SUPP-247-PREM,7.00,17500.00,3500.00,21000.00
ORD-1061,CONS-IT-STRAT,4.00,48000.00,9600.00,57600.00
ORD-1061,CONS-CLOUD-READY,5.00,20000.00,4000.00,24000.00
ORD-1061,CONS-DIGI-ROAD,2.00,18000.00,3600.00,21600.00
ORD-1061,CONS-SEC-RISK,8.00,60000.00,12000.00,72000.00
ORD-1061,SRV-CRM-IMP,4.00,60000.00,12000.00,72000.00
ORD-1061,SRV-AUDIT-BP,8.00,40000.00,8000.00,48000.00
ORD-1061,SRV-MIG-DATA,7.00,56000.00,11200.00,67200.00
ORD-1061,SRV-API-INT,10.00,60000.00,12000.00,72000.00
ORD-1061,SUPP-247-PREM,9.00,22500.00,4500.00,27000.00
ORD-1061,SUPP-STD-YR,6.00,6000.00,1200.00,7200.00
ORD-1061,SUPP-ONSITE-EM,4.00,2000.00,400.00,2400.00
ORD-1061,SUPP-WAR-EXT,8.00,2400.00,480.00,2880.00
ORD-1062,CONS-IT-STRAT,10.00,120000.00,24000.00,144000.00
ORD-1062,CONS-CLOUD-READY,4.00,16000.00,3200.00,19200.00
ORD-1062,CONS-DIGI-ROAD,12.00,108000.00,21600.00,129600.00
ORD-1062,CONS-SEC-RISK,3.00,22500.00,4500.00,27000.00
ORD-1062,SRV-CRM-IMP,7.00,105000.00,21000.00,126000.00
ORD-1062,SRV-AUDIT-BP,7.00,35000.00,7000.00,42000.00
ORD-1062,SRV-MIG-DATA,10.00,80000.00,16000.00,96000.00
ORD-1062,SRV-API-INT,9.00,54000.00,10800.00,64800.00
ORD-1063,CONS-IT-STRAT,10.00,120000.00,24000.00,144000.00
ORD-1063,CONS-CLOUD-READY,10.00,40000.00,8000.00,48000.00
ORD-1063,CONS-DIGI-ROAD,7.00,63000.00,12600.00,75600.00
ORD-1063,CONS-SEC-RISK,8.00,60000.00,12000.00,72000.00
ORD-1063,SRV-CRM-IMP,5.00,75000.00,15000.00,90000.00
ORD-1064,CONS-IT-STRAT,2.00,24000.00,4800.00,28800.00
ORD-1064,CONS-CLOUD-READY,3.00,12000.00,2400.00,14400.00
ORD-1065,CONS-IT-STRAT,9.00,108000.00,21600.00,129600.00
ORD-1065,CONS-CLOUD-READY,11.00,44000.00,8800.00,52800.00
ORD-1065,CONS-DIGI-ROAD,4.00,36000.00,7200.00,43200.00
ORD-1066,CONS-IT-STRAT,6.00,72000.00,14400.00,86400.00
ORD-1066,CONS-CLOUD-READY,4.00,16000.00,3200.00,19200.00
ORD-1066,CONS-DIGI-ROAD,5.00,45000.00,9000.00,54000.00
ORD-1066,CONS-SEC-RISK,6.00,45000.00,9000.00,54000.00
ORD-1066,SRV-CRM-IMP,5.00,75000.00,15000.00,90000.00
ORD-1066,SRV-AUDIT-BP,7.00,35000.00,7000.00,42000.00
ORD-1066,SRV-MIG-DATA,10.00,80000.00,16000.00,96000.00
ORD-1066,SRV-API-INT,5.00,30000.00,6000.00,36000.00
ORD-1066,SUPP-247-PREM,7.00,17500.00,3500.00,21000.00
ORD-1066,SUPP-STD-YR,7.00,7000.00,1400.00,8400.00
ORD-1066,SUPP-ONSITE-EM,8.00,4000.00,800.00,4800.00
ORD-1066,SUPP-WAR-EXT,8.00,2400.00,480.00,2880.00
ORD-1066,CLOUD-STR-10,9.00,1350.00,270.00,1620.00
ORD-1067,CONS-IT-STRAT,8.00,96000.00,19200.00,115200.00
ORD-1067,CONS-CLOUD-READY,5.00,20000.00,4000.00,24000.00
ORD-1067,CONS-DIGI-ROAD,6.00,54000.00,10800.00,64800.00
ORD-1067,CONS-SEC-RISK,11.00,82500.00,16500.00,99000.00
ORD-1067,SRV-CRM-IMP,8.00,120000.00,24000.00,144000.00
ORD-1067,SRV-AUDIT-BP,6.00,30000.00,6000.00,36000.00
ORD-1068,CONS-IT-STRAT,3.00,36000.00,7200.00,43200.00
ORD-1068,CONS-CLOUD-READY,9.00,36000.00,7200.00,43200.00
ORD-1068,CONS-DIGI-ROAD,12.00,108000.00,21600.00,129600.00
ORD-1068,CONS-SEC-RISK,10.00,75000.00,15000.00,90000.00
ORD-1068,SRV-CRM-IMP,11.00,165000.00,33000.00,198000.00
ORD-1069,CONS-IT-STRAT,9.00,108000.00,21600.00,129600.00
ORD-1069,CONS-CLOUD-READY,5.00,20000.00,4000.00,24000.00
ORD-1069,CONS-DIGI-ROAD,9.00,81000.00,16200.00,97200.00
ORD-1069,CONS-SEC-RISK,5.00,37500.00,7500.00,45000.00
ORD-1070,CONS-IT-STRAT,9.00,108000.00,21600.00,129600.00
ORD-1070,CONS-CLOUD-READY,5.00,20000.00,4000.00,24000.00
ORD-1070,CONS-DIGI-ROAD,4.00,36000.00,7200.00,43200.00
ORD-1070,CONS-SEC-RISK,5.00,37500.00,7500.00,45000.00
ORD-1070,SRV-CRM-IMP,2.00,30000.00,6000.00,36000.00
ORD-1070,SRV-AUDIT-BP,7.00,35000.00,7000.00,42000.00
ORD-1070,SRV-MIG-DATA,9.00,72000.00,14400.00,86400.00
ORD-1070,SRV-API-INT,3.00,18000.00,3600.00,21600.00
ORD-1070,SUPP-247-PREM,8.00,20000.00,4000.00,24000.00
ORD-1070,SUPP-STD-YR,2.00,2000.00,400.00,2400.00
ORD-1070,SUPP-ONSITE-EM,8.00,4000.00,800.00,4800.00
ORD-1071,CONS-IT-STRAT,8.00,96000.00,19200.00,115200.00
ORD-1071,CONS-CLOUD-READY,11.00,44000.00,8800.00,52800.00
ORD-1071,CONS-DIGI-ROAD,8.00,72000.00,14400.00,86400.00
ORD-1071,CONS-SEC-RISK,5.00,37500.00,7500.00,45000.00
ORD-1071,SRV-CRM-IMP,9.00,135000.00,27000.00,162000.00
ORD-1071,SRV-AUDIT-BP,11.00,55000.00,11000.00,66000.00
ORD-1071,SRV-MIG-DATA,6.00,48000.00,9600.00,57600.00
ORD-1071,SRV-API-INT,7.00,42000.00,8400.00,50400.00
ORD-1071,SUPP-247-PREM,11.00,27500.00,5500.00,33000.00
ORD-1072,CONS-IT-STRAT,9.00,108000.00,21600.00,129600.00
ORD-1072,CONS-CLOUD-READY,10.00,40000.00,8000.00,48000.00
ORD-1072,CONS-DIGI-ROAD,9.00,81000.00,16200.00,97200.00
ORD-1072,CONS-SEC-RISK,5.00,37500.00,7500.00,45000.00
ORD-1072,SRV-CRM-IMP,12.00,180000.00,36000.00,216000.00
ORD-1073,CONS-IT-STRAT,7.00,84000.00,16800.00,100800.00
ORD-1073,CONS-CLOUD-READY,11.00,44000.00,8800.00,52800.00
ORD-1073,CONS-DIGI-ROAD,5.00,45000.00,9000.00,54000.00
ORD-1073,CONS-SEC-RISK,9.00,67500.00,13500.00,81000.00
ORD-1073,SRV-CRM-IMP,6.00,90000.00,18000.00,108000.00
ORD-1073,SRV-AUDIT-BP,8.00,40000.00,8000.00,48000.00
ORD-1073,SRV-MIG-DATA,5.00,40000.00,8000.00,48000.00
ORD-1073,SRV-API-INT,6.00,36000.00,7200.00,43200.00
ORD-1073,SUPP-247-PREM,5.00,12500.00,2500.00,15000.00
ORD-1073,SUPP-STD-YR,8.00,8000.00,1600.00,9600.00
ORD-1073,SUPP-ONSITE-EM,8.00,4000.00,800.00,4800.00
ORD-1073,SUPP-WAR-EXT,2.00,600.00,120.00,720.00
ORD-1073,CLOUD-STR-10,6.00,900.00,180.00,1080.00
ORD-1074,CONS-IT-STRAT,9.00,108000.00,21600.00,129600.00
ORD-1074,CONS-CLOUD-READY,9.00,36000.00,7200.00,43200.00
ORD-1074,CONS-DIGI-ROAD,12.00,108000.00,21600.00,129600.00
ORD-1075,CONS-IT-STRAT,8.00,96000.00,19200.00,115200.00
ORD-1075,CONS-CLOUD-READY,9.00,36000.00,7200.00,43200.00
ORD-1075,CONS-DIGI-ROAD,4.00,36000.00,7200.00,43200.00
ORD-1075,CONS-SEC-RISK,8.00,60000.00,12000.00,72000.00
ORD-1075,SRV-CRM-IMP,9.00,135000.00,27000.00,162000.00
ORD-1075,SRV-AUDIT-BP,8.00,40000.00,8000.00,48000.00
ORD-1075,SRV-MIG-DATA,3.00,24000.00,4800.00,28800.00
ORD-1075,SRV-API-INT,4.00,24000.00,4800.00,28800.00
ORD-1075,SUPP-247-PREM,2.00,5000.00,1000.00,6000.00
ORD-1075,SUPP-STD-YR,10.00,10000.00,2000.00,12000.00
ORD-1076,CONS-IT-STRAT,9.00,108000.00,21600.00,129600.00
ORD-1076,CONS-CLOUD-READY,5.00,20000.00,4000.00,24000.00
ORD-1076,CONS-DIGI-ROAD,2.00,18000.00,3600.00,21600.00
ORD-1076,CONS-SEC-RISK,10.00,75000.00,15000.00,90000.00
ORD-1076,SRV-CRM-IMP,5.00,75000.00,15000.00,90000.00
ORD-1076,SRV-AUDIT-BP,3.00,15000.00,3000.00,18000.00
ORD-1076,SRV-MIG-DATA,3.00,24000.00,4800.00,28800.00
ORD-1076,SRV-API-INT,11.00,66000.00,13200.00,79200.00
ORD-1076,SUPP-247-PREM,5.00,12500.00,2500.00,15000.00
ORD-1076,SUPP-STD-YR,9.00,9000.00,1800.00,10800.00
ORD-1076,SUPP-ONSITE-EM,10.00,5000.00,1000.00,6000.00
ORD-1076,SUPP-WAR-EXT,6.00,1800.00,360.00,2160.00
ORD-1077,CONS-IT-STRAT,9.00,108000.00,21600.00,129600.00
ORD-1077,CONS-CLOUD-READY,5.00,20000.00,4000.00,24000.00
ORD-1077,CONS-DIGI-ROAD,5.00,45000.00,9000.00,54000.00
ORD-1077,CONS-SEC-RISK,7.00,52500.00,10500.00,63000.00
ORD-1077,SRV-CRM-IMP,6.00,90000.00,18000.00,108000.00
ORD-1077,SRV-AUDIT-BP,4.00,20000.00,4000.00,24000.00
ORD-1077,SRV-MIG-DATA,7.00,56000.00,11200.00,67200.00
ORD-1077,SRV-API-INT,9.00,54000.00,10800.00,64800.00
ORD-1077,SUPP-247-PREM,5.00,12500.00,2500.00,15000.00
ORD-1077,SUPP-STD-YR,5.00,5000.00,1000.00,6000.00
ORD-1077,SUPP-ONSITE-EM,8.00,4000.00,800.00,4800.00
ORD-1078,CONS-IT-STRAT,3.00,36000.00,7200.00,43200.00
ORD-1078,CONS-CLOUD-READY,2.00,8000.00,1600.00,9600.00
ORD-1078,CONS-DIGI-ROAD,5.00,45000.00,9000.00,54000.00
ORD-1078,CONS-SEC-RISK,4.00,30000.00,6000.00,36000.00
ORD-1079,CONS-IT-STRAT,5.00,60000.00,12000.00,72000.00
ORD-1079,CONS-CLOUD-READY,4.00,16000.00,3200.00,19200.00
ORD-1079,CONS-DIGI-ROAD,5.00,45000.00,9000.00,54000.00
ORD-1079,CONS-SEC-RISK,8.00,60000.00,12000.00,72000.00
ORD-1079,SRV-CRM-IMP,7.00,105000.00,21000.00,126000.00
ORD-1079,SRV-AUDIT-BP,7.00,35000.00,7000.00,42000.00
ORD-1079,SRV-MIG-DATA,3.00,24000.00,4800.00,28800.00
ORD-1079,SRV-API-INT,7.00,42000.00,8400.00,50400.00
ORD-1079,SUPP-247-PREM,10.00,25000.00,5000.00,30000.00
ORD-1079,SUPP-STD-YR,11.00,11000.00,2200.00,13200.00
ORD-1080,CONS-IT-STRAT,10.00,120000.00,24000.00,144000.00
ORD-1080,CONS-CLOUD-READY,6.00,24000.00,4800.00,28800.00
ORD-1080,CONS-DIGI-ROAD,4.00,36000.00,7200.00,43200.00
ORD-1080,CONS-SEC-RISK,4.00,30000.00,6000.00,36000.00
ORD-1080,SRV-CRM-IMP,2.00,30000.00,6000.00,36000.00
ORD-1080,SRV-AUDIT-BP,8.00,40000.00,8000.00,48000.00
ORD-1081,CONS-IT-STRAT,5.00,60000.00,12000.00,72000.00
ORD-1081,CONS-CLOUD-READY,6.00,24000.00,4800.00,28800.00
ORD-1081,CONS-DIGI-ROAD,8.00,72000.00,14400.00,86400.00
ORD-1082,CONS-IT-STRAT,9.00,108000.00,21600.00,129600.00
ORD-1082,CONS-CLOUD-READY,10.00,40000.00,8000.00,48000.00
ORD-1082,CONS-DIGI-ROAD,12.00,108000.00,21600.00,129600.00
ORD-1082,CONS-SEC-RISK,11.00,82500.00,16500.00,99000.00
ORD-1082,SRV-CRM-IMP,9.00,135000.00,27000.00,162000.00
ORD-1082,SRV-AUDIT-BP,6.00,30000.00,6000.00,36000.00
ORD-1082,SRV-MIG-DATA,3.00,24000.00,4800.00,28800.00
ORD-1082,SRV-API-INT,2.00,12000.00,2400.00,14400.00
ORD-1083,CONS-IT-STRAT,8.00,96000.00,19200.00,115200.00
ORD-1083,CONS-CLOUD-READY,3.00,12000.00,2400.00,14400.00
ORD-1083,CONS-DIGI-ROAD,3.00,27000.00,5400.00,32400.00
ORD-1083,CONS-SEC-RISK,6.00,45000.00,9000.00,54000.00
ORD-1083,SRV-CRM-IMP,5.00,75000.00,15000.00,90000.00
ORD-1083,SRV-AUDIT-BP,9.00,45000.00,9000.00,54000.00
ORD-1083,SRV-MIG-DATA,7.00,56000.00,11200.00,67200.00
ORD-1083,SRV-API-INT,8.00,48000.00,9600.00,57600.00
ORD-1083,SUPP-247-PREM,7.00,17500.00,3500.00,21000.00
ORD-1083,SUPP-STD-YR,5.00,5000.00,1000.00,6000.00
ORD-1083,SUPP-ONSITE-EM,7.00,3500.00,700.00,4200.00
ORD-1083,SUPP-WAR-EXT,4.00,1200.00,240.00,1440.00
ORD-1083,CLOUD-STR-10,5.00,750.00,150.00,900.00
ORD-1084,CONS-IT-STRAT,7.00,84000.00,16800.00,100800.00
ORD-1084,CONS-CLOUD-READY,10.00,40000.00,8000.00,48000.00
ORD-1084,CONS-DIGI-ROAD,11.00,99000.00,19800.00,118800.00
ORD-1084,CONS-SEC-RISK,3.00,22500.00,4500.00,27000.00
ORD-1084,SRV-CRM-IMP,10.00,150000.00,30000.00,180000.00
ORD-1084,SRV-AUDIT-BP,4.00,20000.00,4000.00,24000.00
ORD-1084,SRV-MIG-DATA,7.00,56000.00,11200.00,67200.00
ORD-1084,SRV-API-INT,6.00,36000.00,7200.00,43200.00
ORD-1084,SUPP-247-PREM,6.00,15000.00,3000.00,18000.00
ORD-1084,SUPP-STD-YR,7.00,7000.00,1400.00,8400.00
ORD-1084,SUPP-ONSITE-EM,3.00,1500.00,300.00,1800.00
ORD-1085,CONS-IT-STRAT,4.00,48000.00,9600.00,57600.00
ORD-1085,CONS-CLOUD-READY,10.00,40000.00,8000.00,48000.00
ORD-1085,CONS-DIGI-ROAD,9.00,81000.00,16200.00,97200.00
ORD-1085,CONS-SEC-RISK,3.00,22500.00,4500.00,27000.00
ORD-1085,SRV-CRM-IMP,8.00,120000.00,24000.00,144000.00
ORD-1085,SRV-AUDIT-BP,3.00,15000.00,3000.00,18000.00
ORD-1085,SRV-MIG-DATA,9.00,72000.00,14400.00,86400.00
ORD-1086,CONS-IT-STRAT,3.00,36000.00,7200.00,43200.00
ORD-1086,CONS-CLOUD-READY,2.00,8000.00,1600.00,9600.00
ORD-1086,CONS-DIGI-ROAD,5.00,45000.00,9000.00,54000.00
ORD-1087,CONS-IT-STRAT,6.00,72000.00,14400.00,86400.00
ORD-1087,CONS-CLOUD-READY,8.00,32000.00,6400.00,38400.00
ORD-1087,CONS-DIGI-ROAD,5.00,45000.00,9000.00,54000.00
ORD-1087,CONS-SEC-RISK,9.00,67500.00,13500.00,81000.00
ORD-1087,SRV-CRM-IMP,8.00,120000.00,24000.00,144000.00
ORD-1087,SRV-AUDIT-BP,6.00,30000.00,6000.00,36000.00
ORD-1087,SRV-MIG-DATA,8.00,64000.00,12800.00,76800.00
ORD-1087,SRV-API-INT,7.00,42000.00,8400.00,50400.00
ORD-1088,CONS-IT-STRAT,7.00,84000.00,16800.00,100800.00
ORD-1088,CONS-CLOUD-READY,9.00,36000.00,7200.00,43200.00
ORD-1088,CONS-DIGI-ROAD,4.00,36000.00,7200.00,43200.00
ORD-1089,CONS-IT-STRAT,5.00,60000.00,12000.00,72000.00
ORD-1089,CONS-CLOUD-READY,5.00,20000.00,4000.00,24000.00
ORD-1089,CONS-DIGI-ROAD,9.00,81000.00,16200.00,97200.00
ORD-1089,CONS-SEC-RISK,11.00,82500.00,16500.00,99000.00
ORD-1089,SRV-CRM-IMP,11.00,165000.00,33000.00,198000.00
ORD-1089,SRV-AUDIT-BP,9.00,45000.00,9000.00,54000.00
ORD-1089,SRV-MIG-DATA,3.00,24000.00,4800.00,28800.00
ORD-1089,SRV-API-INT,9.00,54000.00,10800.00,64800.00
ORD-1089,SUPP-247-PREM,8.00,20000.00,4000.00,24000.00
ORD-1089,SUPP-STD-YR,7.00,7000.00,1400.00,8400.00
ORD-1089,SUPP-ONSITE-EM,3.00,1500.00,300.00,1800.00
ORD-1089,SUPP-WAR-EXT,11.00,3300.00,660.00,3960.00
ORD-1089,CLOUD-STR-10,3.00,450.00,90.00,540.00
ORD-1090,CONS-IT-STRAT,5.00,60000.00,12000.00,72000.00
ORD-1090,CONS-CLOUD-READY,8.00,32000.00,6400.00,38400.00
ORD-1090,CONS-DIGI-ROAD,8.00,72000.00,14400.00,86400.00
ORD-1090,CONS-SEC-RISK,8.00,60000.00,12000.00,72000.00
ORD-1090,SRV-CRM-IMP,5.00,75000.00,15000.00,90000.00
ORD-1090,SRV-AUDIT-BP,6.00,30000.00,6000.00,36000.00
ORD-1090,SRV-MIG-DATA,4.00,32000.00,6400.00,38400.00
ORD-1090,SRV-API-INT,10.00,60000.00,12000.00,72000.00
ORD-1090,SUPP-247-PREM,4.00,10000.00,2000.00,12000.00
ORD-1090,SUPP-STD-YR,4.00,4000.00,800.00,4800.00
ORD-1091,CONS-IT-STRAT,11.00,132000.00,26400.00,158400.00
ORD-1091,CONS-CLOUD-READY,7.00,28000.00,5600.00,33600.00
ORD-1091,CONS-DIGI-ROAD,10.00,90000.00,18000.00,108000.00
ORD-1091,CONS-SEC-RISK,3.00,22500.00,4500.00,27000.00
ORD-1091,SRV-CRM-IMP,8.00,120000.00,24000.00,144000.00
ORD-1091,SRV-AUDIT-BP,8.00,40000.00,8000.00,48000.00
ORD-1091,SRV-MIG-DATA,6.00,48000.00,9600.00,57600.00
ORD-1091,SRV-API-INT,8.00,48000.00,9600.00,57600.00
ORD-1091,SUPP-247-PREM,9.00,22500.00,4500.00,27000.00
ORD-1092,CONS-IT-STRAT,3.00,36000.00,7200.00,43200.00
ORD-1092,CONS-CLOUD-READY,8.00,32000.00,6400.00,38400.00
ORD-1092,CONS-DIGI-ROAD,5.00,45000.00,9000.00,54000.00
ORD-1092,CONS-SEC-RISK,9.00,67500.00,13500.00,81000.00
ORD-1092,SRV-CRM-IMP,7.00,105000.00,21000.00,126000.00
ORD-1092,SRV-AUDIT-BP,6.00,30000.00,6000.00,36000.00
ORD-1092,SRV-MIG-DATA,11.00,88000.00,17600.00,105600.00
ORD-1092,SRV-API-INT,7.00,42000.00,8400.00,50400.00
ORD-1092,SUPP-247-PREM,2.00,5000.00,1000.00,6000.00
ORD-1092,SUPP-STD-YR,10.00,10000.00,2000.00,12000.00
ORD-1092,SUPP-ONSITE-EM,8.00,4000.00,800.00,4800.00
ORD-1092,SUPP-WAR-EXT,5.00,1500.00,300.00,1800.00
ORD-1092,CLOUD-STR-10,3.00,450.00,90.00,540.00
ORD-1093,CONS-IT-STRAT,3.00,36000.00,7200.00,43200.00
ORD-1093,CONS-CLOUD-READY,7.00,28000.00,5600.00,33600.00
ORD-1093,CONS-DIGI-ROAD,5.00,45000.00,9000.00,54000.00
ORD-1093,CONS-SEC-RISK,6.00,45000.00,9000.00,54000.00
ORD-1093,SRV-CRM-IMP,7.00,105000.00,21000.00,126000.00
ORD-1093,SRV-AUDIT-BP,7.00,35000.00,7000.00,42000.00
ORD-1093,SRV-MIG-DATA,3.00,24000.00,4800.00,28800.00
ORD-1093,SRV-API-INT,7.00,42000.00,8400.00,50400.00
ORD-1093,SUPP-247-PREM,9.00,22500.00,4500.00,27000.00
ORD-1094,CONS-IT-STRAT,3.00,36000.00,7200.00,43200.00
ORD-1094,CONS-CLOUD-READY,4.00,16000.00,3200.00,19200.00
ORD-1094,CONS-DIGI-ROAD,3.00,27000.00,5400.00,32400.00
ORD-1094,CONS-SEC-RISK,8.00,60000.00,12000.00,72000.00
ORD-1094,SRV-CRM-IMP,9.00,135000.00,27000.00,162000.00
ORD-1094,SRV-AUDIT-BP,6.00,30000.00,6000.00,36000.00
ORD-1094,SRV-MIG-DATA,3.00,24000.00,4800.00,28800.00
ORD-1094,SRV-API-INT,3.00,18000.00,3600.00,21600.00
ORD-1094,SUPP-247-PREM,11.00,27500.00,5500.00,33000.00
ORD-1094,SUPP-STD-YR,8.00,8000.00,1600.00,9600.00
ORD-1094,SUPP-ONSITE-EM,6.00,3000.00,600.00,3600.00
ORD-1094,SUPP-WAR-EXT,11.00,3300.00,660.00,3960.00
ORD-1094,CLOUD-STR-10,9.00,1350.00,270.00,1620.00
ORD-1095,CONS-IT-STRAT,8.00,96000.00,19200.00,115200.00
ORD-1095,CONS-CLOUD-READY,5.00,20000.00,4000.00,24000.00
ORD-1095,CONS-DIGI-ROAD,6.00,54000.00,10800.00,64800.00
ORD-1095,CONS-SEC-RISK,6.00,45000.00,9000.00,54000.00
ORD-1095,SRV-CRM-IMP,4.00,60000.00,12000.00,72000.00
ORD-1095,SRV-AUDIT-BP,6.00,30000.00,6000.00,36000.00
ORD-1095,SRV-MIG-DATA,6.00,48000.00,9600.00,57600.00
ORD-1096,CONS-IT-STRAT,8.00,96000.00,19200.00,115200.00
ORD-1096,CONS-CLOUD-READY,6.00,24000.00,4800.00,28800.00
ORD-1096,CONS-DIGI-ROAD,8.00,72000.00,14400.00,86400.00
ORD-1096,CONS-SEC-RISK,3.00,22500.00,4500.00,27000.00
ORD-1096,SRV-CRM-IMP,7.00,105000.00,21000.00,126000.00
ORD-1096,SRV-AUDIT-BP,3.00,15000.00,3000.00,18000.00
ORD-1096,SRV-MIG-DATA,4.00,32000.00,6400.00,38400.00
ORD-1096,SRV-API-INT,7.00,42000.00,8400.00,50400.00
ORD-1096,SUPP-247-PREM,4.00,10000.00,2000.00,12000.00
ORD-1096,SUPP-STD-YR,6.00,6000.00,1200.00,7200.00
ORD-1096,SUPP-ONSITE-EM,8.00,4000.00,800.00,4800.00
ORD-1096,SUPP-WAR-EXT,10.00,3000.00,600.00,3600.00
ORD-1096,CLOUD-STR-10,5.00,750.00,150.00,900.00
ORD-1097,CONS-IT-STRAT,10.00,120000.00,24000.00,144000.00
ORD-1097,CONS-CLOUD-READY,9.00,36000.00,7200.00,43200.00
ORD-1097,CONS-DIGI-ROAD,7.00,63000.00,12600.00,75600.00
ORD-1097,CONS-SEC-RISK,5.00,37500.00,7500.00,45000.00
ORD-1097,SRV-CRM-IMP,4.00,60000.00,12000.00,72000.00
ORD-1097,SRV-AUDIT-BP,6.00,30000.00,6000.00,36000.00
ORD-1097,SRV-MIG-DATA,11.00,88000.00,17600.00,105600.00
ORD-1097,SRV-API-INT,7.00,42000.00,8400.00,50400.00
ORD-1097,SUPP-247-PREM,5.00,12500.00,2500.00,15000.00
ORD-1097,SUPP-STD-YR,5.00,5000.00,1000.00,6000.00
ORD-1097,SUPP-ONSITE-EM,8.00,4000.00,800.00,4800.00
ORD-1098,CONS-IT-STRAT,10.00,120000.00,24000.00,144000.00
ORD-1098,CONS-CLOUD-READY,5.00,20000.00,4000.00,24000.00
ORD-1098,CONS-DIGI-ROAD,9.00,81000.00,16200.00,97200.00
ORD-1098,CONS-SEC-RISK,10.00,75000.00,15000.00,90000.00
ORD-1098,SRV-CRM-IMP,8.00,120000.00,24000.00,144000.00
ORD-1098,SRV-AUDIT-BP,11.00,55000.00,11000.00,66000.00
ORD-1098,SRV-MIG-DATA,8.00,64000.00,12800.00,76800.00
ORD-1098,SRV-API-INT,5.00,30000.00,6000.00,36000.00
ORD-1098,SUPP-247-PREM,7.00,17500.00,3500.00,21000.00
ORD-1098,SUPP-STD-YR,11.00,11000.00,2200.00,13200.00
ORD-1098,SUPP-ONSITE-EM,8.00,4000.00,800.00,4800.00
ORD-1098,SUPP-WAR-EXT,5.00,1500.00,300.00,1800.00
ORD-1099,CONS-IT-STRAT,9.00,108000.00,21600.00,129600.00
ORD-1099,CONS-CLOUD-READY,9.00,36000.00,7200.00,43200.00
ORD-1099,CONS-DIGI-ROAD,8.00,72000.00,14400.00,86400.00
ORD-1099,CONS-SEC-RISK,12.00,90000.00,18000.00,108000.00
ORD-1099,SRV-CRM-IMP,5.00,75000.00,15000.00,90000.00
ORD-1100,CONS-IT-STRAT,6.00,72000.00,14400.00,86400.00
ORD-1100,CONS-CLOUD-READY,4.00,16000.00,3200.00,19200.00
ORD-1100,CONS-DIGI-ROAD,5.00,45000.00,9000.00,54000.00
ORD-1100,CONS-SEC-RISK,10.00,75000.00,15000.00,90000.00
ORD-1100,SRV-CRM-IMP,9.00,135000.00,27000.00,162000.00
ORD-1101,CONS-IT-STRAT,7.00,84000.00,16800.00,100800.00
ORD-1101,CONS-CLOUD-READY,8.00,32000.00,6400.00,38400.00
ORD-1101,CONS-DIGI-ROAD,8.00,72000.00,14400.00,86400.00
ORD-1101,CONS-SEC-RISK,8.00,60000.00,12000.00,72000.00
ORD-1101,SRV-CRM-IMP,8.00,120000.00,24000.00,144000.00
ORD-1101,SRV-AUDIT-BP,6.00,30000.00,6000.00,36000.00
ORD-1101,SRV-MIG-DATA,5.00,40000.00,8000.00,48000.00
ORD-1101,SRV-API-INT,8.00,48000.00,9600.00,57600.00
ORD-1101,SUPP-247-PREM,9.00,22500.00,4500.00,27000.00
ORD-1101,SUPP-STD-YR,6.00,6000.00,1200.00,7200.00
ORD-1101,SUPP-ONSITE-EM,6.00,3000.00,600.00,3600.00
ORD-1101,SUPP-WAR-EXT,11.00,3300.00,660.00,3960.00
ORD-1101,CLOUD-STR-10,5.00,750.00,150.00,900.00
ORD-1102,CONS-IT-STRAT,8.00,96000.00,19200.00,115200.00
ORD-1102,CONS-CLOUD-READY,4.00,16000.00,3200.00,19200.00
ORD-1102,CONS-DIGI-ROAD,5.00,45000.00,9000.00,54000.00
ORD-1102,CONS-SEC-RISK,3.00,22500.00,4500.00,27000.00
ORD-1102,SRV-CRM-IMP,8.00,120000.00,24000.00,144000.00
ORD-1102,SRV-AUDIT-BP,7.00,35000.00,7000.00,42000.00
ORD-1102,SRV-MIG-DATA,4.00,32000.00,6400.00,38400.00
ORD-1102,SRV-API-INT,8.00,48000.00,9600.00,57600.00
ORD-1102,SUPP-247-PREM,5.00,12500.00,2500.00,15000.00
ORD-1102,SUPP-STD-YR,5.00,5000.00,1000.00,6000.00
ORD-1103,CONS-IT-STRAT,10.00,120000.00,24000.00,144000.00
ORD-1103,CONS-CLOUD-READY,8.00,32000.00,6400.00,38400.00
ORD-1103,CONS-DIGI-ROAD,6.00,54000.00,10800.00,64800.00
ORD-1103,CONS-SEC-RISK,9.00,67500.00,13500.00,81000.00
ORD-1103,SRV-CRM-IMP,5.00,75000.00,15000.00,90000.00
ORD-1103,SRV-AUDIT-BP,5.00,25000.00,5000.00,30000.00
ORD-1103,SRV-MIG-DATA,10.00,80000.00,16000.00,96000.00
ORD-1103,SRV-API-INT,6.00,36000.00,7200.00,43200.00
ORD-1103,SUPP-247-PREM,10.00,25000.00,5000.00,30000.00
ORD-1103,SUPP-STD-YR,9.00,9000.00,1800.00,10800.00
ORD-1103,SUPP-ONSITE-EM,5.00,2500.00,500.00,3000.00
ORD-1103,SUPP-WAR-EXT,4.00,1200.00,240.00,1440.00
ORD-1103,CLOUD-STR-10,6.00,900.00,180.00,1080.00
ORD-1104,CONS-IT-STRAT,10.00,120000.00,24000.00,144000.00
ORD-1104,CONS-CLOUD-READY,9.00,36000.00,7200.00,43200.00
ORD-1104,CONS-DIGI-ROAD,8.00,72000.00,14400.00,86400.00
ORD-1104,CONS-SEC-RISK,9.00,67500.00,13500.00,81000.00
ORD-1104,SRV-CRM-IMP,11.00,165000.00,33000.00,198000.00
ORD-1105,CONS-IT-STRAT,3.00,36000.00,7200.00,43200.00
ORD-1105,CONS-CLOUD-READY,6.00,24000.00,4800.00,28800.00
ORD-1105,CONS-DIGI-ROAD,8.00,72000.00,14400.00,86400.00
ORD-1105,CONS-SEC-RISK,7.00,52500.00,10500.00,63000.00
ORD-1105,SRV-CRM-IMP,9.00,135000.00,27000.00,162000.00
ORD-1105,SRV-AUDIT-BP,10.00,50000.00,10000.00,60000.00
ORD-1105,SRV-MIG-DATA,7.00,56000.00,11200.00,67200.00
ORD-1105,SRV-API-INT,4.00,24000.00,4800.00,28800.00
ORD-1105,SUPP-247-PREM,4.00,10000.00,2000.00,12000.00
ORD-1105,SUPP-STD-YR,8.00,8000.00,1600.00,9600.00
ORD-1105,SUPP-ONSITE-EM,4.00,2000.00,400.00,2400.00
ORD-1105,SUPP-WAR-EXT,5.00,1500.00,300.00,1800.00
ORD-1105,CLOUD-STR-10,12.00,1800.00,360.00,2160.00
ORD-1106,CONS-IT-STRAT,7.00,84000.00,16800.00,100800.00
ORD-1106,CONS-CLOUD-READY,11.00,44000.00,8800.00,52800.00
ORD-1106,CONS-DIGI-ROAD,8.00,72000.00,14400.00,86400.00
ORD-1106,CONS-SEC-RISK,12.00,90000.00,18000.00,108000.00
ORD-1106,SRV-CRM-IMP,10.00,150000.00,30000.00,180000.00
ORD-1106,SRV-AUDIT-BP,11.00,55000.00,11000.00,66000.00
ORD-1106,SRV-MIG-DATA,6.00,48000.00,9600.00,57600.00
ORD-1106,SRV-API-INT,8.00,48000.00,9600.00,57600.00
ORD-1106,SUPP-247-PREM,5.00,12500.00,2500.00,15000.00
ORD-1106,SUPP-STD-YR,5.00,5000.00,1000.00,6000.00
ORD-1106,SUPP-ONSITE-EM,11.00,5500.00,1100.00,6600.00
ORD-1106,SUPP-WAR-EXT,7.00,2100.00,420.00,2520.00
ORD-1106,CLOUD-STR-10,8.00,1200.00,240.00,1440.00
ORD-1107,CONS-IT-STRAT,11.00,132000.00,26400.00,158400.00
ORD-1107,CONS-CLOUD-READY,10.00,40000.00,8000.00,48000.00
ORD-1107,CONS-DIGI-ROAD,11.00,99000.00,19800.00,118800.00
ORD-1107,CONS-SEC-RISK,6.00,45000.00,9000.00,54000.00
ORD-1107,SRV-CRM-IMP,9.00,135000.00,27000.00,162000.00
ORD-1107,SRV-AUDIT-BP,6.00,30000.00,6000.00,36000.00
ORD-1107,SRV-MIG-DATA,6.00,48000.00,9600.00,57600.00
ORD-1107,SRV-API-INT,5.00,30000.00,6000.00,36000.00
ORD-1107,SUPP-247-PREM,9.00,22500.00,4500.00,27000.00
ORD-1107,SUPP-STD-YR,9.00,9000.00,1800.00,10800.00
ORD-1108,CONS-IT-STRAT,6.00,72000.00,14400.00,86400.00
ORD-1108,CONS-CLOUD-READY,8.00,32000.00,6400.00,38400.00
ORD-1108,CONS-DIGI-ROAD,10.00,90000.00,18000.00,108000.00
ORD-1108,CONS-SEC-RISK,3.00,22500.00,4500.00,27000.00
ORD-1109,CONS-IT-STRAT,8.00,96000.00,19200.00,115200.00
ORD-1109,CONS-CLOUD-READY,7.00,28000.00,5600.00,33600.00
ORD-1109,CONS-DIGI-ROAD,9.00,81000.00,16200.00,97200.00
ORD-1109,CONS-SEC-RISK,11.00,82500.00,16500.00,99000.00
ORD-1109,SRV-CRM-IMP,6.00,90000.00,18000.00,108000.00
ORD-1109,SRV-AUDIT-BP,7.00,35000.00,7000.00,42000.00
ORD-1109,SRV-MIG-DATA,9.00,72000.00,14400.00,86400.00
ORD-1110,CONS-IT-STRAT,9.00,108000.00,21600.00,129600.00
ORD-1110,CONS-CLOUD-READY,5.00,20000.00,4000.00,24000.00
ORD-1110,CONS-DIGI-ROAD,3.00,27000.00,5400.00,32400.00
ORD-1110,CONS-SEC-RISK,4.00,30000.00,6000.00,36000.00
ORD-1110,SRV-CRM-IMP,4.00,60000.00,12000.00,72000.00
ORD-1110,SRV-AUDIT-BP,3.00,15000.00,3000.00,18000.00
ORD-1110,SRV-MIG-DATA,5.00,40000.00,8000.00,48000.00
ORD-1110,SRV-API-INT,7.00,42000.00,8400.00,50400.00
ORD-1110,SUPP-247-PREM,6.00,15000.00,3000.00,18000.00
ORD-1110,SUPP-STD-YR,5.00,5000.00,1000.00,6000.00
ORD-1110,SUPP-ONSITE-EM,9.00,4500.00,900.00,5400.00
ORD-1110,SUPP-WAR-EXT,3.00,900.00,180.00,1080.00
ORD-1110,CLOUD-STR-10,9.00,1350.00,270.00,1620.00
ORD-1111,CONS-IT-STRAT,5.00,60000.00,12000.00,72000.00
ORD-1111,CONS-CLOUD-READY,2.00,8000.00,1600.00,9600.00
ORD-1111,CONS-DIGI-ROAD,2.00,18000.00,3600.00,21600.00
ORD-1111,CONS-SEC-RISK,8.00,60000.00,12000.00,72000.00
ORD-1111,SRV-CRM-IMP,8.00,120000.00,24000.00,144000.00
ORD-1111,SRV-AUDIT-BP,12.00,60000.00,12000.00,72000.00
ORD-1111,SRV-MIG-DATA,10.00,80000.00,16000.00,96000.00
ORD-1111,SRV-API-INT,8.00,48000.00,9600.00,57600.00
ORD-1111,SUPP-247-PREM,7.00,17500.00,3500.00,21000.00
ORD-1111,SUPP-STD-YR,8.00,8000.00,1600.00,9600.00
ORD-1111,SUPP-ONSITE-EM,8.00,4000.00,800.00,4800.00
ORD-1111,SUPP-WAR-EXT,7.00,2100.00,420.00,2520.00
ORD-1111,CLOUD-STR-10,7.00,1050.00,210.00,1260.00
ORD-1112,CONS-IT-STRAT,5.00,60000.00,12000.00,72000.00
ORD-1112,CONS-CLOUD-READY,5.00,20000.00,4000.00,24000.00
ORD-1112,CONS-DIGI-ROAD,12.00,108000.00,21600.00,129600.00
ORD-1112,CONS-SEC-RISK,8.00,60000.00,12000.00,72000.00
ORD-1112,SRV-CRM-IMP,2.00,30000.00,6000.00,36000.00
ORD-1112,SRV-AUDIT-BP,7.00,35000.00,7000.00,42000.00
ORD-1113,CONS-IT-STRAT,6.00,72000.00,14400.00,86400.00
ORD-1113,CONS-CLOUD-READY,5.00,20000.00,4000.00,24000.00
ORD-1113,CONS-DIGI-ROAD,7.00,63000.00,12600.00,75600.00
ORD-1113,CONS-SEC-RISK,11.00,82500.00,16500.00,99000.00
ORD-1113,SRV-CRM-IMP,8.00,120000.00,24000.00,144000.00
ORD-1113,SRV-AUDIT-BP,11.00,55000.00,11000.00,66000.00
ORD-1113,SRV-MIG-DATA,4.00,32000.00,6400.00,38400.00
ORD-1113,SRV-API-INT,6.00,36000.00,7200.00,43200.00
ORD-1113,SUPP-247-PREM,9.00,22500.00,4500.00,27000.00
ORD-1113,SUPP-STD-YR,4.00,4000.00,800.00,4800.00
ORD-1113,SUPP-ONSITE-EM,10.00,5000.00,1000.00,6000.00
ORD-1113,SUPP-WAR-EXT,8.00,2400.00,480.00,2880.00
ORD-1113,CLOUD-STR-10,6.00,900.00,180.00,1080.00
ORD-1114,CONS-IT-STRAT,10.00,120000.00,24000.00,144000.00
ORD-1114,CONS-CLOUD-READY,6.00,24000.00,4800.00,28800.00
ORD-1114,CONS-DIGI-ROAD,5.00,45000.00,9000.00,54000.00
ORD-1114,CONS-SEC-RISK,8.00,60000.00,12000.00,72000.00
ORD-1114,SRV-CRM-IMP,5.00,75000.00,15000.00,90000.00
ORD-1114,SRV-AUDIT-BP,7.00,35000.00,7000.00,42000.00
ORD-1114,SRV-MIG-DATA,2.00,16000.00,3200.00,19200.00
ORD-1114,SRV-API-INT,7.00,42000.00,8400.00,50400.00
ORD-1114,SUPP-247-PREM,3.00,7500.00,1500.00,9000.00
ORD-1114,SUPP-STD-YR,6.00,6000.00,1200.00,7200.00
ORD-1114,SUPP-ONSITE-EM,11.00,5500.00,1100.00,6600.00
ORD-1115,CONS-IT-STRAT,3.00,36000.00,7200.00,43200.00
ORD-1115,CONS-CLOUD-READY,3.00,12000.00,2400.00,14400.00
ORD-1115,CONS-DIGI-ROAD,10.00,90000.00,18000.00,108000.00
ORD-1115,CONS-SEC-RISK,6.00,45000.00,9000.00,54000.00
ORD-1115,SRV-CRM-IMP,5.00,75000.00,15000.00,90000.00
ORD-1115,SRV-AUDIT-BP,3.00,15000.00,3000.00,18000.00
ORD-1115,SRV-MIG-DATA,5.00,40000.00,8000.00,48000.00
ORD-1115,SRV-API-INT,6.00,36000.00,7200.00,43200.00
ORD-1115,SUPP-247-PREM,6.00,15000.00,3000.00,18000.00
ORD-1115,SUPP-STD-YR,6.00,6000.00,1200.00,7200.00
ORD-1115,SUPP-ONSITE-EM,5.00,2500.00,500.00,3000.00
ORD-1115,SUPP-WAR-EXT,10.00,3000.00,600.00,3600.00
ORD-1115,CLOUD-STR-10,10.00,1500.00,300.00,1800.00
ORD-1116,CONS-IT-STRAT,6.00,72000.00,14400.00,86400.00
ORD-1116,CONS-CLOUD-READY,6.00,24000.00,4800.00,28800.00
ORD-1116,CONS-DIGI-ROAD,9.00,81000.00,16200.00,97200.00
ORD-1116,CONS-SEC-RISK,7.00,52500.00,10500.00,63000.00
ORD-1117,CONS-IT-STRAT,2.00,24000.00,4800.00,28800.00
ORD-1117,CONS-CLOUD-READY,6.00,24000.00,4800.00,28800.00
ORD-1117,CONS-DIGI-ROAD,6.00,54000.00,10800.00,64800.00
ORD-1117,CONS-SEC-RISK,2.00,15000.00,3000.00,18000.00
ORD-1117,SRV-CRM-IMP,9.00,135000.00,27000.00,162000.00
ORD-1117,SRV-AUDIT-BP,8.00,40000.00,8000.00,48000.00
ORD-1117,SRV-MIG-DATA,10.00,80000.00,16000.00,96000.00
ORD-1117,SRV-API-INT,8.00,48000.00,9600.00,57600.00
ORD-1117,SUPP-247-PREM,8.00,20000.00,4000.00,24000.00
ORD-1117,SUPP-STD-YR,7.00,7000.00,1400.00,8400.00
ORD-1117,SUPP-ONSITE-EM,7.00,3500.00,700.00,4200.00
ORD-1117,SUPP-WAR-EXT,6.00,1800.00,360.00,2160.00
ORD-1117,CLOUD-STR-10,11.00,1650.00,330.00,1980.00
ORD-1118,CONS-IT-STRAT,7.00,84000.00,16800.00,100800.00
ORD-1118,CONS-CLOUD-READY,10.00,40000.00,8000.00,48000.00
ORD-1118,CONS-DIGI-ROAD,10.00,90000.00,18000.00,108000.00
ORD-1118,CONS-SEC-RISK,5.00,37500.00,7500.00,45000.00
ORD-1118,SRV-CRM-IMP,3.00,45000.00,9000.00,54000.00
ORD-1118,SRV-AUDIT-BP,3.00,15000.00,3000.00,18000.00
ORD-1118,SRV-MIG-DATA,9.00,72000.00,14400.00,86400.00
ORD-1119,CONS-IT-STRAT,4.00,48000.00,9600.00,57600.00
ORD-1119,CONS-CLOUD-READY,8.00,32000.00,6400.00,38400.00
ORD-1119,CONS-DIGI-ROAD,5.00,45000.00,9000.00,54000.00
ORD-1119,CONS-SEC-RISK,4.00,30000.00,6000.00,36000.00
ORD-1119,SRV-CRM-IMP,5.00,75000.00,15000.00,90000.00
ORD-1119,SRV-AUDIT-BP,10.00,50000.00,10000.00,60000.00
ORD-1119,SRV-MIG-DATA,11.00,88000.00,17600.00,105600.00
ORD-1119,SRV-API-INT,10.00,60000.00,12000.00,72000.00
ORD-1119,SUPP-247-PREM,11.00,27500.00,5500.00,33000.00
ORD-1119,SUPP-STD-YR,5.00,5000.00,1000.00,6000.00
ORD-1119,SUPP-ONSITE-EM,9.00,4500.00,900.00,5400.00
ORD-1119,SUPP-WAR-EXT,9.00,2700.00,540.00,3240.00
ORD-1119,CLOUD-STR-10,6.00,900.00,180.00,1080.00
ORD-1120,CONS-IT-STRAT,8.00,96000.00,19200.00,115200.00
ORD-1120,CONS-CLOUD-READY,5.00,20000.00,4000.00,24000.00
ORD-1120,CONS-DIGI-ROAD,4.00,36000.00,7200.00,43200.00
ORD-1120,CONS-SEC-RISK,3.00,22500.00,4500.00,27000.00
ORD-1120,SRV-CRM-IMP,11.00,165000.00,33000.00,198000.00
ORD-1120,SRV-AUDIT-BP,7.00,35000.00,7000.00,42000.00
ORD-1121,CONS-IT-STRAT,10.00,120000.00,24000.00,144000.00
ORD-1121,CONS-CLOUD-READY,8.00,32000.00,6400.00,38400.00
ORD-1121,CONS-DIGI-ROAD,9.00,81000.00,16200.00,97200.00
ORD-1121,CONS-SEC-RISK,6.00,45000.00,9000.00,54000.00
ORD-1121,SRV-CRM-IMP,9.00,135000.00,27000.00,162000.00
ORD-1121,SRV-AUDIT-BP,6.00,30000.00,6000.00,36000.00
ORD-1121,SRV-MIG-DATA,4.00,32000.00,6400.00,38400.00
ORD-1121,SRV-API-INT,9.00,54000.00,10800.00,64800.00
ORD-1121,SUPP-247-PREM,7.00,17500.00,3500.00,21000.00
ORD-1121,SUPP-STD-YR,10.00,10000.00,2000.00,12000.00
ORD-1121,SUPP-ONSITE-EM,8.00,4000.00,800.00,4800.00
ORD-1121,SUPP-WAR-EXT,10.00,3000.00,600.00,3600.00
ORD-1121,CLOUD-STR-10,8.00,1200.00,240.00,1440.00
ORD-1122,CONS-IT-STRAT,11.00,132000.00,26400.00,158400.00
ORD-1122,CONS-CLOUD-READY,6.00,24000.00,4800.00,28800.00
ORD-1122,CONS-DIGI-ROAD,10.00,90000.00,18000.00,108000.00
ORD-1122,CONS-SEC-RISK,5.00,37500.00,7500.00,45000.00
ORD-1122,SRV-CRM-IMP,2.00,30000.00,6000.00,36000.00
ORD-1122,SRV-AUDIT-BP,4.00,20000.00,4000.00,24000.00
ORD-1122,SRV-MIG-DATA,5.00,40000.00,8000.00,48000.00
ORD-1123,CONS-IT-STRAT,2.00,24000.00,4800.00,28800.00
ORD-1123,CONS-CLOUD-READY,6.00,24000.00,4800.00,28800.00
ORD-1123,CONS-DIGI-ROAD,5.00,45000.00,9000.00,54000.00
ORD-1123,CONS-SEC-RISK,11.00,82500.00,16500.00,99000.00
ORD-1123,SRV-CRM-IMP,9.00,135000.00,27000.00,162000.00
ORD-1123,SRV-AUDIT-BP,10.00,50000.00,10000.00,60000.00
ORD-1123,SRV-MIG-DATA,12.00,96000.00,19200.00,115200.00
ORD-1123,SRV-API-INT,8.00,48000.00,9600.00,57600.00
ORD-1123,SUPP-247-PREM,8.00,20000.00,4000.00,24000.00
ORD-1123,SUPP-STD-YR,8.00,8000.00,1600.00,9600.00
ORD-1123,SUPP-ONSITE-EM,4.00,2000.00,400.00,2400.00
ORD-1123,SUPP-WAR-EXT,10.00,3000.00,600.00,3600.00
ORD-1123,CLOUD-STR-10,2.00,300.00,60.00,360.00
ORD-1124,CONS-IT-STRAT,12.00,144000.00,28800.00,172800.00
ORD-1124,CONS-CLOUD-READY,3.00,12000.00,2400.00,14400.00
ORD-1124,CONS-DIGI-ROAD,7.00,63000.00,12600.00,75600.00
ORD-1124,CONS-SEC-RISK,9.00,67500.00,13500.00,81000.00
ORD-1124,SRV-CRM-IMP,8.00,120000.00,24000.00,144000.00
ORD-1124,SRV-AUDIT-BP,6.00,30000.00,6000.00,36000.00
ORD-1124,SRV-MIG-DATA,9.00,72000.00,14400.00,86400.00
ORD-1124,SRV-API-INT,7.00,42000.00,8400.00,50400.00
ORD-1124,SUPP-247-PREM,8.00,20000.00,4000.00,24000.00
ORD-1124,SUPP-STD-YR,9.00,9000.00,1800.00,10800.00
ORD-1125,CONS-IT-STRAT,9.00,108000.00,21600.00,129600.00
ORD-1125,CONS-CLOUD-READY,5.00,20000.00,4000.00,24000.00
ORD-1125,CONS-DIGI-ROAD,11.00,99000.00,19800.00,118800.00
ORD-1125,CONS-SEC-RISK,12.00,90000.00,18000.00,108000.00
ORD-1125,SRV-CRM-IMP,5.00,75000.00,15000.00,90000.00
ORD-1125,SRV-AUDIT-BP,3.00,15000.00,3000.00,18000.00
ORD-1125,SRV-MIG-DATA,10.00,80000.00,16000.00,96000.00
ORD-1125,SRV-API-INT,4.00,24000.00,4800.00,28800.00
ORD-1125,SUPP-247-PREM,4.00,10000.00,2000.00,12000.00
ORD-1126,CONS-IT-STRAT,3.00,36000.00,7200.00,43200.00
ORD-1126,CONS-CLOUD-READY,7.00,28000.00,5600.00,33600.00
ORD-1126,CONS-DIGI-ROAD,9.00,81000.00,16200.00,97200.00
ORD-1127,CONS-IT-STRAT,9.00,108000.00,21600.00,129600.00
ORD-1127,CONS-CLOUD-READY,10.00,40000.00,8000.00,48000.00
ORD-1127,CONS-DIGI-ROAD,7.00,63000.00,12600.00,75600.00
ORD-1127,CONS-SEC-RISK,11.00,82500.00,16500.00,99000.00
ORD-1127,SRV-CRM-IMP,7.00,105000.00,21000.00,126000.00
ORD-1127,SRV-AUDIT-BP,4.00,20000.00,4000.00,24000.00
ORD-1127,SRV-MIG-DATA,2.00,16000.00,3200.00,19200.00
ORD-1127,SRV-API-INT,4.00,24000.00,4800.00,28800.00
ORD-1127,SUPP-247-PREM,8.00,20000.00,4000.00,24000.00
ORD-1127,SUPP-STD-YR,11.00,11000.00,2200.00,13200.00
ORD-1127,SUPP-ONSITE-EM,10.00,5000.00,1000.00,6000.00
ORD-1127,SUPP-WAR-EXT,8.00,2400.00,480.00,2880.00
ORD-1127,CLOUD-STR-10,4.00,600.00,120.00,720.00
ORD-1128,CONS-IT-STRAT,9.00,108000.00,21600.00,129600.00
ORD-1128,CONS-CLOUD-READY,6.00,24000.00,4800.00,28800.00
ORD-1128,CONS-DIGI-ROAD,9.00,81000.00,16200.00,97200.00
ORD-1128,CONS-SEC-RISK,4.00,30000.00,6000.00,36000.00
ORD-1128,SRV-CRM-IMP,12.00,180000.00,36000.00,216000.00
ORD-1128,SRV-AUDIT-BP,5.00,25000.00,5000.00,30000.00
ORD-1128,SRV-MIG-DATA,3.00,24000.00,4800.00,28800.00
ORD-1128,SRV-API-INT,5.00,30000.00,6000.00,36000.00
ORD-1128,SUPP-247-PREM,8.00,20000.00,4000.00,24000.00
ORD-1128,SUPP-STD-YR,6.00,6000.00,1200.00,7200.00
ORD-1128,SUPP-ONSITE-EM,10.00,5000.00,1000.00,6000.00
ORD-1128,SUPP-WAR-EXT,5.00,1500.00,300.00,1800.00
ORD-1129,CONS-IT-STRAT,7.00,84000.00,16800.00,100800.00
ORD-1129,CONS-CLOUD-READY,3.00,12000.00,2400.00,14400.00
ORD-1129,CONS-DIGI-ROAD,3.00,27000.00,5400.00,32400.00
ORD-1129,CONS-SEC-RISK,5.00,37500.00,7500.00,45000.00
ORD-1129,SRV-CRM-IMP,8.00,120000.00,24000.00,144000.00
ORD-1129,SRV-AUDIT-BP,7.00,35000.00,7000.00,42000.00
ORD-1129,SRV-MIG-DATA,8.00,64000.00,12800.00,76800.00
ORD-1129,SRV-API-INT,3.00,18000.00,3600.00,21600.00
ORD-1129,SUPP-247-PREM,8.00,20000.00,4000.00,24000.00
ORD-1129,SUPP-STD-YR,7.00,7000.00,1400.00,8400.00
ORD-1129,SUPP-ONSITE-EM,4.00,2000.00,400.00,2400.00
ORD-1129,SUPP-WAR-EXT,7.00,2100.00,420.00,2520.00
ORD-1130,CONS-IT-STRAT,4.00,48000.00,9600.00,57600.00
ORD-1130,CONS-CLOUD-READY,7.00,28000.00,5600.00,33600.00
ORD-1130,CONS-DIGI-ROAD,5.00,45000.00,9000.00,54000.00
ORD-1130,CONS-SEC-RISK,6.00,45000.00,9000.00,54000.00
ORD-1130,SRV-CRM-IMP,2.00,30000.00,6000.00,36000.00
ORD-1130,SRV-AUDIT-BP,7.00,35000.00,7000.00,42000.00
ORD-1130,SRV-MIG-DATA,10.00,80000.00,16000.00,96000.00
ORD-1130,SRV-API-INT,10.00,60000.00,12000.00,72000.00
ORD-1130,SUPP-247-PREM,5.00,12500.00,2500.00,15000.00
ORD-1130,SUPP-STD-YR,9.00,9000.00,1800.00,10800.00
ORD-1130,SUPP-ONSITE-EM,5.00,2500.00,500.00,3000.00
ORD-1130,SUPP-WAR-EXT,2.00,600.00,120.00,720.00
ORD-1131,CONS-IT-STRAT,8.00,96000.00,19200.00,115200.00
ORD-1131,CONS-CLOUD-READY,6.00,24000.00,4800.00,28800.00
ORD-1131,CONS-DIGI-ROAD,4.00,36000.00,7200.00,43200.00
ORD-1131,CONS-SEC-RISK,9.00,67500.00,13500.00,81000.00
ORD-1131,SRV-CRM-IMP,5.00,75000.00,15000.00,90000.00
ORD-1131,SRV-AUDIT-BP,9.00,45000.00,9000.00,54000.00
ORD-1131,SRV-MIG-DATA,6.00,48000.00,9600.00,57600.00
ORD-1131,SRV-API-INT,4.00,24000.00,4800.00,28800.00
ORD-1132,CONS-IT-STRAT,5.00,60000.00,12000.00,72000.00
ORD-1132,CONS-CLOUD-READY,6.00,24000.00,4800.00,28800.00
ORD-1132,CONS-DIGI-ROAD,5.00,45000.00,9000.00,54000.00
ORD-1132,CONS-SEC-RISK,9.00,67500.00,13500.00,81000.00
ORD-1132,SRV-CRM-IMP,8.00,120000.00,24000.00,144000.00
ORD-1132,SRV-AUDIT-BP,11.00,55000.00,11000.00,66000.00
ORD-1132,SRV-MIG-DATA,9.00,72000.00,14400.00,86400.00
ORD-1132,SRV-API-INT,8.00,48000.00,9600.00,57600.00
ORD-1133,CONS-IT-STRAT,7.00,84000.00,16800.00,100800.00
ORD-1133,CONS-CLOUD-READY,7.00,28000.00,5600.00,33600.00
ORD-1133,CONS-DIGI-ROAD,4.00,36000.00,7200.00,43200.00
ORD-1133,CONS-SEC-RISK,8.00,60000.00,12000.00,72000.00
ORD-1133,SRV-CRM-IMP,3.00,45000.00,9000.00,54000.00
ORD-1133,SRV-AUDIT-BP,9.00,45000.00,9000.00,54000.00
ORD-1133,SRV-MIG-DATA,6.00,48000.00,9600.00,57600.00
ORD-1133,SRV-API-INT,8.00,48000.00,9600.00,57600.00
ORD-1133,SUPP-247-PREM,4.00,10000.00,2000.00,12000.00
ORD-1133,SUPP-STD-YR,9.00,9000.00,1800.00,10800.00
ORD-1133,SUPP-ONSITE-EM,3.00,1500.00,300.00,1800.00
ORD-1133,SUPP-WAR-EXT,11.00,3300.00,660.00,3960.00
ORD-1134,CONS-IT-STRAT,5.00,60000.00,12000.00,72000.00
ORD-1134,CONS-CLOUD-READY,10.00,40000.00,8000.00,48000.00
ORD-1134,CONS-DIGI-ROAD,6.00,54000.00,10800.00,64800.00
ORD-1134,CONS-SEC-RISK,4.00,30000.00,6000.00,36000.00
ORD-1134,SRV-CRM-IMP,9.00,135000.00,27000.00,162000.00
ORD-1134,SRV-AUDIT-BP,3.00,15000.00,3000.00,18000.00
ORD-1134,SRV-MIG-DATA,9.00,72000.00,14400.00,86400.00
ORD-1134,SRV-API-INT,10.00,60000.00,12000.00,72000.00
ORD-1134,SUPP-247-PREM,5.00,12500.00,2500.00,15000.00
ORD-1134,SUPP-STD-YR,7.00,7000.00,1400.00,8400.00
ORD-1134,SUPP-ONSITE-EM,7.00,3500.00,700.00,4200.00
ORD-1134,SUPP-WAR-EXT,3.00,900.00,180.00,1080.00
ORD-1135,CONS-IT-STRAT,9.00,108000.00,21600.00,129600.00
ORD-1135,CONS-CLOUD-READY,8.00,32000.00,6400.00,38400.00
ORD-1135,CONS-DIGI-ROAD,10.00,90000.00,18000.00,108000.00
ORD-1135,CONS-SEC-RISK,2.00,15000.00,3000.00,18000.00
ORD-1135,SRV-CRM-IMP,2.00,30000.00,6000.00,36000.00
ORD-1135,SRV-AUDIT-BP,6.00,30000.00,6000.00,36000.00
ORD-1135,SRV-MIG-DATA,5.00,40000.00,8000.00,48000.00
ORD-1135,SRV-API-INT,8.00,48000.00,9600.00,57600.00
ORD-1135,SUPP-247-PREM,3.00,7500.00,1500.00,9000.00
ORD-1135,SUPP-STD-YR,9.00,9000.00,1800.00,10800.00
ORD-1135,SUPP-ONSITE-EM,9.00,4500.00,900.00,5400.00
ORD-1136,CONS-IT-STRAT,7.00,84000.00,16800.00,100800.00
ORD-1136,CONS-CLOUD-READY,12.00,48000.00,9600.00,57600.00
ORD-1136,CONS-DIGI-ROAD,5.00,45000.00,9000.00,54000.00
ORD-1136,CONS-SEC-RISK,6.00,45000.00,9000.00,54000.00
ORD-1136,SRV-CRM-IMP,4.00,60000.00,12000.00,72000.00
ORD-1136,SRV-AUDIT-BP,10.00,50000.00,10000.00,60000.00
ORD-1136,SRV-MIG-DATA,3.00,24000.00,4800.00,28800.00
ORD-1137,CONS-IT-STRAT,11.00,132000.00,26400.00,158400.00
ORD-1137,CONS-CLOUD-READY,8.00,32000.00,6400.00,38400.00
ORD-1137,CONS-DIGI-ROAD,5.00,45000.00,9000.00,54000.00
ORD-1137,CONS-SEC-RISK,2.00,15000.00,3000.00,18000.00
ORD-1137,SRV-CRM-IMP,5.00,75000.00,15000.00,90000.00
ORD-1137,SRV-AUDIT-BP,6.00,30000.00,6000.00,36000.00
ORD-1137,SRV-MIG-DATA,7.00,56000.00,11200.00,67200.00
ORD-1137,SRV-API-INT,9.00,54000.00,10800.00,64800.00
ORD-1137,SUPP-247-PREM,5.00,12500.00,2500.00,15000.00
ORD-1137,SUPP-STD-YR,3.00,3000.00,600.00,3600.00
ORD-1137,SUPP-ONSITE-EM,9.00,4500.00,900.00,5400.00
ORD-1137,SUPP-WAR-EXT,4.00,1200.00,240.00,1440.00
ORD-1137,CLOUD-STR-10,6.00,900.00,180.00,1080.00
ORD-1138,CONS-IT-STRAT,6.00,72000.00,14400.00,86400.00
ORD-1138,CONS-CLOUD-READY,5.00,20000.00,4000.00,24000.00
ORD-1138,CONS-DIGI-ROAD,10.00,90000.00,18000.00,108000.00
ORD-1138,CONS-SEC-RISK,10.00,75000.00,15000.00,90000.00
ORD-1138,SRV-CRM-IMP,8.00,120000.00,24000.00,144000.00
ORD-1138,SRV-AUDIT-BP,5.00,25000.00,5000.00,30000.00
ORD-1138,SRV-MIG-DATA,3.00,24000.00,4800.00,28800.00
ORD-1138,SRV-API-INT,11.00,66000.00,13200.00,79200.00
ORD-1138,SUPP-247-PREM,6.00,15000.00,3000.00,18000.00
ORD-1139,CONS-IT-STRAT,10.00,120000.00,24000.00,144000.00
ORD-1139,CONS-CLOUD-READY,5.00,20000.00,4000.00,24000.00
ORD-1139,CONS-DIGI-ROAD,3.00,27000.00,5400.00,32400.00
ORD-1139,CONS-SEC-RISK,6.00,45000.00,9000.00,54000.00
ORD-1139,SRV-CRM-IMP,8.00,120000.00,24000.00,144000.00
ORD-1139,SRV-AUDIT-BP,5.00,25000.00,5000.00,30000.00
ORD-1139,SRV-MIG-DATA,5.00,40000.00,8000.00,48000.00
ORD-1139,SRV-API-INT,10.00,60000.00,12000.00,72000.00
ORD-1140,CONS-IT-STRAT,8.00,96000.00,19200.00,115200.00
ORD-1140,CONS-CLOUD-READY,2.00,8000.00,1600.00,9600.00
ORD-1140,CONS-DIGI-ROAD,2.00,18000.00,3600.00,21600.00
ORD-1141,CONS-IT-STRAT,5.00,60000.00,12000.00,72000.00
ORD-1141,CONS-CLOUD-READY,11.00,44000.00,8800.00,52800.00
ORD-1141,CONS-DIGI-ROAD,10.00,90000.00,18000.00,108000.00
ORD-1141,CONS-SEC-RISK,11.00,82500.00,16500.00,99000.00
ORD-1141,SRV-CRM-IMP,2.00,30000.00,6000.00,36000.00
ORD-1141,SRV-AUDIT-BP,6.00,30000.00,6000.00,36000.00
ORD-1141,SRV-MIG-DATA,3.00,24000.00,4800.00,28800.00
ORD-1141,SRV-API-INT,9.00,54000.00,10800.00,64800.00
ORD-1141,SUPP-247-PREM,6.00,15000.00,3000.00,18000.00
ORD-1141,SUPP-STD-YR,8.00,8000.00,1600.00,9600.00
ORD-1141,SUPP-ONSITE-EM,7.00,3500.00,700.00,4200.00
ORD-1141,SUPP-WAR-EXT,9.00,2700.00,540.00,3240.00
ORD-1142,CONS-IT-STRAT,7.00,84000.00,16800.00,100800.00
ORD-1142,CONS-CLOUD-READY,9.00,36000.00,7200.00,43200.00
ORD-1142,CONS-DIGI-ROAD,3.00,27000.00,5400.00,32400.00
ORD-1142,CONS-SEC-RISK,3.00,22500.00,4500.00,27000.00
ORD-1142,SRV-CRM-IMP,6.00,90000.00,18000.00,108000.00
ORD-1143,CONS-IT-STRAT,8.00,96000.00,19200.00,115200.00
ORD-1143,CONS-CLOUD-READY,8.00,32000.00,6400.00,38400.00
ORD-1143,CONS-DIGI-ROAD,7.00,63000.00,12600.00,75600.00
ORD-1143,CONS-SEC-RISK,7.00,52500.00,10500.00,63000.00
ORD-1144,CONS-IT-STRAT,8.00,96000.00,19200.00,115200.00
ORD-1144,CONS-CLOUD-READY,8.00,32000.00,6400.00,38400.00
ORD-1144,CONS-DIGI-ROAD,4.00,36000.00,7200.00,43200.00
ORD-1144,CONS-SEC-RISK,6.00,45000.00,9000.00,54000.00
ORD-1144,SRV-CRM-IMP,10.00,150000.00,30000.00,180000.00
ORD-1144,SRV-AUDIT-BP,9.00,45000.00,9000.00,54000.00
ORD-1144,SRV-MIG-DATA,4.00,32000.00,6400.00,38400.00
ORD-1144,SRV-API-INT,5.00,30000.00,6000.00,36000.00
ORD-1144,SUPP-247-PREM,2.00,5000.00,1000.00,6000.00
ORD-1144,SUPP-STD-YR,11.00,11000.00,2200.00,13200.00
ORD-1144,SUPP-ONSITE-EM,8.00,4000.00,800.00,4800.00
ORD-1145,CONS-IT-STRAT,10.00,120000.00,24000.00,144000.00
ORD-1145,CONS-CLOUD-READY,5.00,20000.00,4000.00,24000.00
ORD-1145,CONS-DIGI-ROAD,6.00,54000.00,10800.00,64800.00
ORD-1145,CONS-SEC-RISK,5.00,37500.00,7500.00,45000.00
ORD-1145,SRV-CRM-IMP,10.00,150000.00,30000.00,180000.00
ORD-1145,SRV-AUDIT-BP,6.00,30000.00,6000.00,36000.00
ORD-1145,SRV-MIG-DATA,9.00,72000.00,14400.00,86400.00
ORD-1145,SRV-API-INT,12.00,72000.00,14400.00,86400.00
ORD-1145,SUPP-247-PREM,11.00,27500.00,5500.00,33000.00
ORD-1145,SUPP-STD-YR,3.00,3000.00,600.00,3600.00
ORD-1146,CONS-IT-STRAT,7.00,84000.00,16800.00,100800.00
ORD-1146,CONS-CLOUD-READY,11.00,44000.00,8800.00,52800.00
ORD-1146,CONS-DIGI-ROAD,5.00,45000.00,9000.00,54000.00
ORD-1146,CONS-SEC-RISK,6.00,45000.00,9000.00,54000.00
ORD-1147,CONS-IT-STRAT,11.00,132000.00,26400.00,158400.00
ORD-1147,CONS-CLOUD-READY,11.00,44000.00,8800.00,52800.00
ORD-1147,CONS-DIGI-ROAD,10.00,90000.00,18000.00,108000.00
ORD-1148,CONS-IT-STRAT,5.00,60000.00,12000.00,72000.00
ORD-1148,CONS-CLOUD-READY,8.00,32000.00,6400.00,38400.00
ORD-1148,CONS-DIGI-ROAD,10.00,90000.00,18000.00,108000.00
ORD-1148,CONS-SEC-RISK,7.00,52500.00,10500.00,63000.00
ORD-1148,SRV-CRM-IMP,6.00,90000.00,18000.00,108000.00
ORD-1148,SRV-AUDIT-BP,8.00,40000.00,8000.00,48000.00
ORD-1148,SRV-MIG-DATA,11.00,88000.00,17600.00,105600.00
ORD-1148,SRV-API-INT,8.00,48000.00,9600.00,57600.00
ORD-1148,SUPP-247-PREM,5.00,12500.00,2500.00,15000.00
ORD-1148,SUPP-STD-YR,3.00,3000.00,600.00,3600.00
ORD-1149,CONS-IT-STRAT,8.00,96000.00,19200.00,115200.00
ORD-1149,CONS-CLOUD-READY,5.00,20000.00,4000.00,24000.00
ORD-1149,CONS-DIGI-ROAD,6.00,54000.00,10800.00,64800.00
ORD-1150,CONS-IT-STRAT,9.00,108000.00,21600.00,129600.00
ORD-1150,CONS-CLOUD-READY,10.00,40000.00,8000.00,48000.00
ORD-1150,CONS-DIGI-ROAD,9.00,81000.00,16200.00,97200.00
ORD-1150,CONS-SEC-RISK,9.00,67500.00,13500.00,81000.00
ORD-1150,SRV-CRM-IMP,8.00,120000.00,24000.00,144000.00
ORD-1150,SRV-AUDIT-BP,9.00,45000.00,9000.00,54000.00
ORD-1150,SRV-MIG-DATA,8.00,64000.00,12800.00,76800.00
ORD-1151,CONS-IT-STRAT,5.00,60000.00,12000.00,72000.00
ORD-1151,CONS-CLOUD-READY,9.00,36000.00,7200.00,43200.00
ORD-1151,CONS-DIGI-ROAD,8.00,72000.00,14400.00,86400.00
ORD-1151,CONS-SEC-RISK,7.00,52500.00,10500.00,63000.00
ORD-1151,SRV-CRM-IMP,4.00,60000.00,12000.00,72000.00
ORD-1151,SRV-AUDIT-BP,4.00,20000.00,4000.00,24000.00
ORD-1151,SRV-MIG-DATA,8.00,64000.00,12800.00,76800.00
ORD-1151,SRV-API-INT,9.00,54000.00,10800.00,64800.00
ORD-1151,SUPP-247-PREM,11.00,27500.00,5500.00,33000.00
ORD-1151,SUPP-STD-YR,7.00,7000.00,1400.00,8400.00
ORD-1151,SUPP-ONSITE-EM,7.00,3500.00,700.00,4200.00
ORD-1151,SUPP-WAR-EXT,10.00,3000.00,600.00,3600.00
ORD-1151,CLOUD-STR-10,3.00,450.00,90.00,540.00
ORD-1152,CONS-IT-STRAT,9.00,108000.00,21600.00,129600.00
ORD-1152,CONS-CLOUD-READY,8.00,32000.00,6400.00,38400.00
ORD-1152,CONS-DIGI-ROAD,7.00,63000.00,12600.00,75600.00
ORD-1152,CONS-SEC-RISK,9.00,67500.00,13500.00,81000.00
ORD-1152,SRV-CRM-IMP,9.00,135000.00,27000.00,162000.00
ORD-1152,SRV-AUDIT-BP,4.00,20000.00,4000.00,24000.00
ORD-1152,SRV-MIG-DATA,2.00,16000.00,3200.00,19200.00
ORD-1152,SRV-API-INT,8.00,48000.00,9600.00,57600.00
ORD-1152,SUPP-247-PREM,6.00,15000.00,3000.00,18000.00
ORD-1152,SUPP-STD-YR,8.00,8000.00,1600.00,9600.00
ORD-1153,CONS-IT-STRAT,6.00,72000.00,14400.00,86400.00
ORD-1153,CONS-CLOUD-READY,8.00,32000.00,6400.00,38400.00
ORD-1153,CONS-DIGI-ROAD,11.00,99000.00,19800.00,118800.00
ORD-1153,CONS-SEC-RISK,8.00,60000.00,12000.00,72000.00
ORD-1153,SRV-CRM-IMP,8.00,120000.00,24000.00,144000.00
ORD-1153,SRV-AUDIT-BP,5.00,25000.00,5000.00,30000.00
ORD-1153,SRV-MIG-DATA,3.00,24000.00,4800.00,28800.00
ORD-1153,SRV-API-INT,3.00,18000.00,3600.00,21600.00
ORD-1153,SUPP-247-PREM,2.00,5000.00,1000.00,6000.00
ORD-1153,SUPP-STD-YR,3.00,3000.00,600.00,3600.00
ORD-1153,SUPP-ONSITE-EM,2.00,1000.00,200.00,1200.00
ORD-1153,SUPP-WAR-EXT,11.00,3300.00,660.00,3960.00
ORD-1153,CLOUD-STR-10,9.00,1350.00,270.00,1620.00
ORD-1154,CONS-IT-STRAT,9.00,108000.00,21600.00,129600.00
ORD-1154,CONS-CLOUD-READY,3.00,12000.00,2400.00,14400.00
ORD-1154,CONS-DIGI-ROAD,10.00,90000.00,18000.00,108000.00
ORD-1154,CONS-SEC-RISK,4.00,30000.00,6000.00,36000.00
ORD-1154,SRV-CRM-IMP,10.00,150000.00,30000.00,180000.00
ORD-1154,SRV-AUDIT-BP,7.00,35000.00,7000.00,42000.00
ORD-1154,SRV-MIG-DATA,9.00,72000.00,14400.00,86400.00
ORD-1154,SRV-API-INT,5.00,30000.00,6000.00,36000.00
ORD-1154,SUPP-247-PREM,4.00,10000.00,2000.00,12000.00
ORD-1154,SUPP-STD-YR,10.00,10000.00,2000.00,12000.00
ORD-1154,SUPP-ONSITE-EM,5.00,2500.00,500.00,3000.00
ORD-1154,SUPP-WAR-EXT,7.00,2100.00,420.00,2520.00
ORD-1155,CONS-IT-STRAT,9.00,108000.00,21600.00,129600.00
ORD-1155,CONS-CLOUD-READY,8.00,32000.00,6400.00,38400.00
ORD-1155,CONS-DIGI-ROAD,3.00,27000.00,5400.00,32400.00
ORD-1155,CONS-SEC-RISK,4.00,30000.00,6000.00,36000.00
ORD-1155,SRV-CRM-IMP,10.00,150000.00,30000.00,180000.00
ORD-1155,SRV-AUDIT-BP,5.00,25000.00,5000.00,30000.00
ORD-1155,SRV-MIG-DATA,10.00,80000.00,16000.00,96000.00
ORD-1155,SRV-API-INT,11.00,66000.00,13200.00,79200.00
ORD-1155,SUPP-247-PREM,10.00,25000.00,5000.00,30000.00
ORD-1155,SUPP-STD-YR,7.00,7000.00,1400.00,8400.00
ORD-1155,SUPP-ONSITE-EM,4.00,2000.00,400.00,2400.00
ORD-1155,SUPP-WAR-EXT,7.00,2100.00,420.00,2520.00
ORD-1156,CONS-IT-STRAT,5.00,60000.00,12000.00,72000.00
ORD-1156,CONS-CLOUD-READY,5.00,20000.00,4000.00,24000.00
ORD-1156,CONS-DIGI-ROAD,9.00,81000.00,16200.00,97200.00
ORD-1156,CONS-SEC-RISK,10.00,75000.00,15000.00,90000.00
ORD-1156,SRV-CRM-IMP,6.00,90000.00,18000.00,108000.00
ORD-1156,SRV-AUDIT-BP,6.00,30000.00,6000.00,36000.00
ORD-1156,SRV-MIG-DATA,6.00,48000.00,9600.00,57600.00
ORD-1156,SRV-API-INT,11.00,66000.00,13200.00,79200.00
ORD-1156,SUPP-247-PREM,4.00,10000.00,2000.00,12000.00
ORD-1156,SUPP-STD-YR,4.00,4000.00,800.00,4800.00
ORD-1156,SUPP-ONSITE-EM,5.00,2500.00,500.00,3000.00
ORD-1156,SUPP-WAR-EXT,8.00,2400.00,480.00,2880.00
ORD-1157,CONS-IT-STRAT,3.00,36000.00,7200.00,43200.00
ORD-1157,CONS-CLOUD-READY,9.00,36000.00,7200.00,43200.00
ORD-1157,CONS-DIGI-ROAD,5.00,45000.00,9000.00,54000.00
ORD-1157,CONS-SEC-RISK,10.00,75000.00,15000.00,90000.00
ORD-1157,SRV-CRM-IMP,7.00,105000.00,21000.00,126000.00
ORD-1157,SRV-AUDIT-BP,7.00,35000.00,7000.00,42000.00
ORD-1157,SRV-MIG-DATA,6.00,48000.00,9600.00,57600.00
ORD-1157,SRV-API-INT,5.00,30000.00,6000.00,36000.00
ORD-1157,SUPP-247-PREM,8.00,20000.00,4000.00,24000.00
ORD-1157,SUPP-STD-YR,6.00,6000.00,1200.00,7200.00
ORD-1157,SUPP-ONSITE-EM,7.00,3500.00,700.00,4200.00
ORD-1158,CONS-IT-STRAT,9.00,108000.00,21600.00,129600.00
ORD-1158,CONS-CLOUD-READY,10.00,40000.00,8000.00,48000.00
ORD-1158,CONS-DIGI-ROAD,6.00,54000.00,10800.00,64800.00
ORD-1158,CONS-SEC-RISK,3.00,22500.00,4500.00,27000.00
ORD-1158,SRV-CRM-IMP,7.00,105000.00,21000.00,126000.00
ORD-1158,SRV-AUDIT-BP,7.00,35000.00,7000.00,42000.00
ORD-1158,SRV-MIG-DATA,6.00,48000.00,9600.00,57600.00
ORD-1158,SRV-API-INT,5.00,30000.00,6000.00,36000.00
ORD-1159,CONS-IT-STRAT,9.00,108000.00,21600.00,129600.00
ORD-1159,CONS-CLOUD-READY,5.00,20000.00,4000.00,24000.00
ORD-1159,CONS-DIGI-ROAD,9.00,81000.00,16200.00,97200.00
ORD-1159,CONS-SEC-RISK,3.00,22500.00,4500.00,27000.00
ORD-1159,SRV-CRM-IMP,8.00,120000.00,24000.00,144000.00
ORD-1159,SRV-AUDIT-BP,10.00,50000.00,10000.00,60000.00
ORD-1159,SRV-MIG-DATA,7.00,56000.00,11200.00,67200.00
ORD-1159,SRV-API-INT,6.00,36000.00,7200.00,43200.00
ORD-1159,SUPP-247-PREM,7.00,17500.00,3500.00,21000.00
ORD-1159,SUPP-STD-YR,8.00,8000.00,1600.00,9600.00
ORD-1160,CONS-IT-STRAT,11.00,132000.00,26400.00,158400.00
ORD-1160,CONS-CLOUD-READY,8.00,32000.00,6400.00,38400.00
ORD-1160,CONS-DIGI-ROAD,7.00,63000.00,12600.00,75600.00
ORD-1161,CONS-IT-STRAT,8.00,96000.00,19200.00,115200.00
ORD-1161,CONS-CLOUD-READY,9.00,36000.00,7200.00,43200.00
ORD-1161,CONS-DIGI-ROAD,3.00,27000.00,5400.00,32400.00
ORD-1161,CONS-SEC-RISK,7.00,52500.00,10500.00,63000.00
ORD-1161,SRV-CRM-IMP,8.00,120000.00,24000.00,144000.00
ORD-1161,SRV-AUDIT-BP,8.00,40000.00,8000.00,48000.00
ORD-1161,SRV-MIG-DATA,8.00,64000.00,12800.00,76800.00
ORD-1161,SRV-API-INT,9.00,54000.00,10800.00,64800.00
ORD-1161,SUPP-247-PREM,4.00,10000.00,2000.00,12000.00
ORD-1161,SUPP-STD-YR,10.00,10000.00,2000.00,12000.00
ORD-1162,CONS-IT-STRAT,7.00,84000.00,16800.00,100800.00
ORD-1162,CONS-CLOUD-READY,10.00,40000.00,8000.00,48000.00
ORD-1162,CONS-DIGI-ROAD,5.00,45000.00,9000.00,54000.00
ORD-1162,CONS-SEC-RISK,5.00,37500.00,7500.00,45000.00
ORD-1162,SRV-CRM-IMP,7.00,105000.00,21000.00,126000.00
ORD-1162,SRV-AUDIT-BP,6.00,30000.00,6000.00,36000.00
ORD-1162,SRV-MIG-DATA,10.00,80000.00,16000.00,96000.00
ORD-1162,SRV-API-INT,8.00,48000.00,9600.00,57600.00
ORD-1162,SUPP-247-PREM,11.00,27500.00,5500.00,33000.00
ORD-1163,CONS-IT-STRAT,7.00,84000.00,16800.00,100800.00
ORD-1163,CONS-CLOUD-READY,8.00,32000.00,6400.00,38400.00
ORD-1163,CONS-DIGI-ROAD,11.00,99000.00,19800.00,118800.00
ORD-1163,CONS-SEC-RISK,8.00,60000.00,12000.00,72000.00
ORD-1163,SRV-CRM-IMP,5.00,75000.00,15000.00,90000.00
ORD-1163,SRV-AUDIT-BP,12.00,60000.00,12000.00,72000.00
ORD-1163,SRV-MIG-DATA,7.00,56000.00,11200.00,67200.00
ORD-1164,CONS-IT-STRAT,7.00,84000.00,16800.00,100800.00
ORD-1164,CONS-CLOUD-READY,8.00,32000.00,6400.00,38400.00
ORD-1164,CONS-DIGI-ROAD,4.00,36000.00,7200.00,43200.00
ORD-1164,CONS-SEC-RISK,4.00,30000.00,6000.00,36000.00
ORD-1164,SRV-CRM-IMP,5.00,75000.00,15000.00,90000.00
ORD-1164,SRV-AUDIT-BP,12.00,60000.00,12000.00,72000.00
ORD-1164,SRV-MIG-DATA,9.00,72000.00,14400.00,86400.00
ORD-1164,SRV-API-INT,3.00,18000.00,3600.00,21600.00
ORD-1164,SUPP-247-PREM,10.00,25000.00,5000.00,30000.00
ORD-1164,SUPP-STD-YR,5.00,5000.00,1000.00,6000.00
ORD-1164,SUPP-ONSITE-EM,6.00,3000.00,600.00,3600.00
ORD-1164,SUPP-WAR-EXT,6.00,1800.00,360.00,2160.00
ORD-1164,CLOUD-STR-10,5.00,750.00,150.00,900.00
ORD-1165,CONS-IT-STRAT,11.00,132000.00,26400.00,158400.00
ORD-1165,CONS-CLOUD-READY,8.00,32000.00,6400.00,38400.00
ORD-1165,CONS-DIGI-ROAD,5.00,45000.00,9000.00,54000.00
ORD-1165,CONS-SEC-RISK,9.00,67500.00,13500.00,81000.00
ORD-1165,SRV-CRM-IMP,4.00,60000.00,12000.00,72000.00
ORD-1165,SRV-AUDIT-BP,7.00,35000.00,7000.00,42000.00
ORD-1166,CONS-IT-STRAT,4.00,48000.00,9600.00,57600.00
ORD-1166,CONS-CLOUD-READY,7.00,28000.00,5600.00,33600.00
ORD-1166,CONS-DIGI-ROAD,11.00,99000.00,19800.00,118800.00
ORD-1166,CONS-SEC-RISK,10.00,75000.00,15000.00,90000.00
ORD-1166,SRV-CRM-IMP,4.00,60000.00,12000.00,72000.00
ORD-1167,CONS-IT-STRAT,6.00,72000.00,14400.00,86400.00
ORD-1167,CONS-CLOUD-READY,7.00,28000.00,5600.00,33600.00
ORD-1167,CONS-DIGI-ROAD,4.00,36000.00,7200.00,43200.00
ORD-1167,CONS-SEC-RISK,3.00,22500.00,4500.00,27000.00
ORD-1167,SRV-CRM-IMP,4.00,60000.00,12000.00,72000.00
ORD-1167,SRV-AUDIT-BP,9.00,45000.00,9000.00,54000.00
ORD-1167,SRV-MIG-DATA,3.00,24000.00,4800.00,28800.00
ORD-1167,SRV-API-INT,7.00,42000.00,8400.00,50400.00
ORD-1167,SUPP-247-PREM,8.00,20000.00,4000.00,24000.00
ORD-1167,SUPP-STD-YR,4.00,4000.00,800.00,4800.00
ORD-1167,SUPP-ONSITE-EM,2.00,1000.00,200.00,1200.00
ORD-1167,SUPP-WAR-EXT,6.00,1800.00,360.00,2160.00
ORD-1168,CONS-IT-STRAT,5.00,60000.00,12000.00,72000.00
ORD-1168,CONS-CLOUD-READY,7.00,28000.00,5600.00,33600.00
ORD-1168,CONS-DIGI-ROAD,4.00,36000.00,7200.00,43200.00
ORD-1168,CONS-SEC-RISK,7.00,52500.00,10500.00,63000.00
ORD-1168,SRV-CRM-IMP,12.00,180000.00,36000.00,216000.00
ORD-1168,SRV-AUDIT-BP,11.00,55000.00,11000.00,66000.00
ORD-1168,SRV-MIG-DATA,7.00,56000.00,11200.00,67200.00
ORD-1168,SRV-API-INT,6.00,36000.00,7200.00,43200.00
ORD-1168,SUPP-247-PREM,8.00,20000.00,4000.00,24000.00
ORD-1168,SUPP-STD-YR,8.00,8000.00,1600.00,9600.00
ORD-1168,SUPP-ONSITE-EM,3.00,1500.00,300.00,1800.00
ORD-1168,SUPP-WAR-EXT,7.00,2100.00,420.00,2520.00
ORD-1168,CLOUD-STR-10,7.00,1050.00,210.00,1260.00
ORD-1169,CONS-IT-STRAT,9.00,108000.00,21600.00,129600.00
ORD-1169,CONS-CLOUD-READY,7.00,28000.00,5600.00,33600.00
ORD-1169,CONS-DIGI-ROAD,6.00,54000.00,10800.00,64800.00
ORD-1169,CONS-SEC-RISK,3.00,22500.00,4500.00,27000.00
ORD-1169,SRV-CRM-IMP,8.00,120000.00,24000.00,144000.00
ORD-1169,SRV-AUDIT-BP,7.00,35000.00,7000.00,42000.00
ORD-1169,SRV-MIG-DATA,9.00,72000.00,14400.00,86400.00
ORD-1170,CONS-IT-STRAT,7.00,84000.00,16800.00,100800.00
ORD-1170,CONS-CLOUD-READY,4.00,16000.00,3200.00,19200.00
ORD-1170,CONS-DIGI-ROAD,9.00,81000.00,16200.00,97200.00
ORD-1170,CONS-SEC-RISK,7.00,52500.00,10500.00,63000.00
ORD-1170,SRV-CRM-IMP,5.00,75000.00,15000.00,90000.00
ORD-1170,SRV-AUDIT-BP,7.00,35000.00,7000.00,42000.00
ORD-1170,SRV-MIG-DATA,7.00,56000.00,11200.00,67200.00
ORD-1170,SRV-API-INT,4.00,24000.00,4800.00,28800.00
ORD-1170,SUPP-247-PREM,5.00,12500.00,2500.00,15000.00
ORD-1170,SUPP-STD-YR,2.00,2000.00,400.00,2400.00
ORD-1170,SUPP-ONSITE-EM,5.00,2500.00,500.00,3000.00
ORD-1170,SUPP-WAR-EXT,11.00,3300.00,660.00,3960.00
ORD-1171,CONS-IT-STRAT,6.00,72000.00,14400.00,86400.00
ORD-1171,CONS-CLOUD-READY,9.00,36000.00,7200.00,43200.00
ORD-1171,CONS-DIGI-ROAD,5.00,45000.00,9000.00,54000.00
ORD-1171,CONS-SEC-RISK,9.00,67500.00,13500.00,81000.00
ORD-1171,SRV-CRM-IMP,6.00,90000.00,18000.00,108000.00
ORD-1172,CONS-IT-STRAT,4.00,48000.00,9600.00,57600.00
ORD-1172,CONS-CLOUD-READY,3.00,12000.00,2400.00,14400.00
ORD-1172,CONS-DIGI-ROAD,3.00,27000.00,5400.00,32400.00
ORD-1172,CONS-SEC-RISK,6.00,45000.00,9000.00,54000.00
ORD-1172,SRV-CRM-IMP,3.00,45000.00,9000.00,54000.00
ORD-1172,SRV-AUDIT-BP,8.00,40000.00,8000.00,48000.00
ORD-1172,SRV-MIG-DATA,4.00,32000.00,6400.00,38400.00
ORD-1172,SRV-API-INT,7.00,42000.00,8400.00,50400.00
ORD-1172,SUPP-247-PREM,6.00,15000.00,3000.00,18000.00
ORD-1172,SUPP-STD-YR,5.00,5000.00,1000.00,6000.00
ORD-1172,SUPP-ONSITE-EM,5.00,2500.00,500.00,3000.00
ORD-1172,SUPP-WAR-EXT,8.00,2400.00,480.00,2880.00
ORD-1172,CLOUD-STR-10,5.00,750.00,150.00,900.00
ORD-1173,CONS-IT-STRAT,5.00,60000.00,12000.00,72000.00
ORD-1173,CONS-CLOUD-READY,6.00,24000.00,4800.00,28800.00
ORD-1173,CONS-DIGI-ROAD,7.00,63000.00,12600.00,75600.00
ORD-1173,CONS-SEC-RISK,5.00,37500.00,7500.00,45000.00
ORD-1173,SRV-CRM-IMP,10.00,150000.00,30000.00,180000.00
ORD-1173,SRV-AUDIT-BP,12.00,60000.00,12000.00,72000.00
ORD-1174,CONS-IT-STRAT,5.00,60000.00,12000.00,72000.00
ORD-1174,CONS-CLOUD-READY,9.00,36000.00,7200.00,43200.00
ORD-1174,CONS-DIGI-ROAD,7.00,63000.00,12600.00,75600.00
ORD-1174,CONS-SEC-RISK,7.00,52500.00,10500.00,63000.00
ORD-1174,SRV-CRM-IMP,11.00,165000.00,33000.00,198000.00
ORD-1174,SRV-AUDIT-BP,8.00,40000.00,8000.00,48000.00
ORD-1174,SRV-MIG-DATA,11.00,88000.00,17600.00,105600.00
ORD-1174,SRV-API-INT,4.00,24000.00,4800.00,28800.00
ORD-1174,SUPP-247-PREM,4.00,10000.00,2000.00,12000.00
ORD-1174,SUPP-STD-YR,6.00,6000.00,1200.00,7200.00
ORD-1174,SUPP-ONSITE-EM,6.00,3000.00,600.00,3600.00
ORD-1174,SUPP-WAR-EXT,10.00,3000.00,600.00,3600.00
ORD-1174,CLOUD-STR-10,3.00,450.00,90.00,540.00
ORD-1175,CONS-IT-STRAT,5.00,60000.00,12000.00,72000.00
ORD-1175,CONS-CLOUD-READY,12.00,48000.00,9600.00,57600.00
ORD-1175,CONS-DIGI-ROAD,4.00,36000.00,7200.00,43200.00
ORD-1175,CONS-SEC-RISK,8.00,60000.00,12000.00,72000.00
ORD-1175,SRV-CRM-IMP,10.00,150000.00,30000.00,180000.00
ORD-1175,SRV-AUDIT-BP,6.00,30000.00,6000.00,36000.00
ORD-1175,SRV-MIG-DATA,7.00,56000.00,11200.00,67200.00
ORD-1175,SRV-API-INT,8.00,48000.00,9600.00,57600.00
ORD-1175,SUPP-247-PREM,10.00,25000.00,5000.00,30000.00
ORD-1175,SUPP-STD-YR,5.00,5000.00,1000.00,6000.00
ORD-1175,SUPP-ONSITE-EM,9.00,4500.00,900.00,5400.00
ORD-1175,SUPP-WAR-EXT,7.00,2100.00,420.00,2520.00
ORD-1176,CONS-IT-STRAT,5.00,60000.00,12000.00,72000.00
ORD-1176,CONS-CLOUD-READY,6.00,24000.00,4800.00,28800.00
ORD-1176,CONS-DIGI-ROAD,9.00,81000.00,16200.00,97200.00
ORD-1176,CONS-SEC-RISK,7.00,52500.00,10500.00,63000.00
ORD-1176,SRV-CRM-IMP,8.00,120000.00,24000.00,144000.00
ORD-1176,SRV-AUDIT-BP,7.00,35000.00,7000.00,42000.00
ORD-1176,SRV-MIG-DATA,7.00,56000.00,11200.00,67200.00
ORD-1176,SRV-API-INT,7.00,42000.00,8400.00,50400.00
ORD-1176,SUPP-247-PREM,6.00,15000.00,3000.00,18000.00
ORD-1176,SUPP-STD-YR,6.00,6000.00,1200.00,7200.00
ORD-1176,SUPP-ONSITE-EM,8.00,4000.00,800.00,4800.00
ORD-1176,SUPP-WAR-EXT,5.00,1500.00,300.00,1800.00
ORD-1177,CONS-IT-STRAT,8.00,96000.00,19200.00,115200.00
ORD-1177,CONS-CLOUD-READY,7.00,28000.00,5600.00,33600.00
ORD-1177,CONS-DIGI-ROAD,5.00,45000.00,9000.00,54000.00
ORD-1177,CONS-SEC-RISK,9.00,67500.00,13500.00,81000.00
ORD-1177,SRV-CRM-IMP,4.00,60000.00,12000.00,72000.00
ORD-1177,SRV-AUDIT-BP,6.00,30000.00,6000.00,36000.00
ORD-1177,SRV-MIG-DATA,10.00,80000.00,16000.00,96000.00
ORD-1177,SRV-API-INT,7.00,42000.00,8400.00,50400.00
ORD-1177,SUPP-247-PREM,8.00,20000.00,4000.00,24000.00
ORD-1177,SUPP-STD-YR,5.00,5000.00,1000.00,6000.00
ORD-1177,SUPP-ONSITE-EM,10.00,5000.00,1000.00,6000.00
ORD-1177,SUPP-WAR-EXT,10.00,3000.00,600.00,3600.00
ORD-1177,CLOUD-STR-10,5.00,750.00,150.00,900.00
ORD-1178,CONS-IT-STRAT,6.00,72000.00,14400.00,86400.00
ORD-1178,CONS-CLOUD-READY,6.00,24000.00,4800.00,28800.00
ORD-1178,CONS-DIGI-ROAD,6.00,54000.00,10800.00,64800.00
ORD-1178,CONS-SEC-RISK,12.00,90000.00,18000.00,108000.00
ORD-1178,SRV-CRM-IMP,9.00,135000.00,27000.00,162000.00
ORD-1179,CONS-IT-STRAT,7.00,84000.00,16800.00,100800.00
ORD-1179,CONS-CLOUD-READY,4.00,16000.00,3200.00,19200.00
ORD-1179,CONS-DIGI-ROAD,7.00,63000.00,12600.00,75600.00
ORD-1179,CONS-SEC-RISK,5.00,37500.00,7500.00,45000.00
ORD-1179,SRV-CRM-IMP,7.00,105000.00,21000.00,126000.00
ORD-1179,SRV-AUDIT-BP,6.00,30000.00,6000.00,36000.00
ORD-1179,SRV-MIG-DATA,11.00,88000.00,17600.00,105600.00
ORD-1179,SRV-API-INT,7.00,42000.00,8400.00,50400.00
ORD-1179,SUPP-247-PREM,6.00,15000.00,3000.00,18000.00
ORD-1179,SUPP-STD-YR,4.00,4000.00,800.00,4800.00
ORD-1179,SUPP-ONSITE-EM,10.00,5000.00,1000.00,6000.00
ORD-1179,SUPP-WAR-EXT,6.00,1800.00,360.00,2160.00
ORD-1179,CLOUD-STR-10,10.00,1500.00,300.00,1800.00
ORD-1180,CONS-IT-STRAT,7.00,84000.00,16800.00,100800.00
ORD-1180,CONS-CLOUD-READY,9.00,36000.00,7200.00,43200.00
ORD-1180,CONS-DIGI-ROAD,3.00,27000.00,5400.00,32400.00
ORD-1181,CONS-IT-STRAT,6.00,72000.00,14400.00,86400.00
ORD-1181,CONS-CLOUD-READY,5.00,20000.00,4000.00,24000.00
ORD-1181,CONS-DIGI-ROAD,10.00,90000.00,18000.00,108000.00
ORD-1181,CONS-SEC-RISK,11.00,82500.00,16500.00,99000.00
ORD-1181,SRV-CRM-IMP,4.00,60000.00,12000.00,72000.00
ORD-1181,SRV-AUDIT-BP,3.00,15000.00,3000.00,18000.00
ORD-1182,CONS-IT-STRAT,8.00,96000.00,19200.00,115200.00
ORD-1182,CONS-CLOUD-READY,9.00,36000.00,7200.00,43200.00
ORD-1182,CONS-DIGI-ROAD,5.00,45000.00,9000.00,54000.00
ORD-1183,CONS-IT-STRAT,5.00,60000.00,12000.00,72000.00
ORD-1183,CONS-CLOUD-READY,11.00,44000.00,8800.00,52800.00
ORD-1183,CONS-DIGI-ROAD,5.00,45000.00,9000.00,54000.00
ORD-1183,CONS-SEC-RISK,11.00,82500.00,16500.00,99000.00
ORD-1183,SRV-CRM-IMP,11.00,165000.00,33000.00,198000.00
ORD-1183,SRV-AUDIT-BP,12.00,60000.00,12000.00,72000.00
ORD-1184,CONS-IT-STRAT,2.00,24000.00,4800.00,28800.00
ORD-1184,CONS-CLOUD-READY,7.00,28000.00,5600.00,33600.00
ORD-1184,CONS-DIGI-ROAD,8.00,72000.00,14400.00,86400.00
ORD-1184,CONS-SEC-RISK,3.00,22500.00,4500.00,27000.00
ORD-1184,SRV-CRM-IMP,2.00,30000.00,6000.00,36000.00
ORD-1184,SRV-AUDIT-BP,5.00,25000.00,5000.00,30000.00
ORD-1184,SRV-MIG-DATA,11.00,88000.00,17600.00,105600.00
ORD-1184,SRV-API-INT,7.00,42000.00,8400.00,50400.00
ORD-1184,SUPP-247-PREM,3.00,7500.00,1500.00,9000.00
ORD-1184,SUPP-STD-YR,8.00,8000.00,1600.00,9600.00
ORD-1184,SUPP-ONSITE-EM,6.00,3000.00,600.00,3600.00
ORD-1184,SUPP-WAR-EXT,10.00,3000.00,600.00,3600.00
ORD-1184,CLOUD-STR-10,4.00,600.00,120.00,720.00
ORD-1185,CONS-IT-STRAT,5.00,60000.00,12000.00,72000.00
ORD-1185,CONS-CLOUD-READY,11.00,44000.00,8800.00,52800.00
ORD-1185,CONS-DIGI-ROAD,6.00,54000.00,10800.00,64800.00
ORD-1185,CONS-SEC-RISK,8.00,60000.00,12000.00,72000.00
ORD-1185,SRV-CRM-IMP,3.00,45000.00,9000.00,54000.00
ORD-1185,SRV-AUDIT-BP,5.00,25000.00,5000.00,30000.00
ORD-1186,CONS-IT-STRAT,7.00,84000.00,16800.00,100800.00
ORD-1186,CONS-CLOUD-READY,11.00,44000.00,8800.00,52800.00
ORD-1186,CONS-DIGI-ROAD,6.00,54000.00,10800.00,64800.00
ORD-1186,CONS-SEC-RISK,3.00,22500.00,4500.00,27000.00
ORD-1186,SRV-CRM-IMP,6.00,90000.00,18000.00,108000.00
ORD-1186,SRV-AUDIT-BP,10.00,50000.00,10000.00,60000.00
ORD-1186,SRV-MIG-DATA,7.00,56000.00,11200.00,67200.00
ORD-1186,SRV-API-INT,10.00,60000.00,12000.00,72000.00
ORD-1186,SUPP-247-PREM,9.00,22500.00,4500.00,27000.00
ORD-1186,SUPP-STD-YR,6.00,6000.00,1200.00,7200.00
ORD-1186,SUPP-ONSITE-EM,9.00,4500.00,900.00,5400.00
ORD-1186,SUPP-WAR-EXT,4.00,1200.00,240.00,1440.00
ORD-1186,CLOUD-STR-10,6.00,900.00,180.00,1080.00
